U=1.000 
ngas=6.000e+06 (cm-3) 
mean_lam=1.300 (um) 
gamma=0.700 
amax=2.500 (um) 
dust_composition=astro 
! 
Av= 0.000,14.796,41.154,221.104,10886.093
! 
NH= 0.00000e+00,2.14542e+22,5.96732e+22,3.20601e+23,1.57848e+25
! 
w	 p(Av=0.000)	 I(Av=0.000)	 p(Av=14.796)	 I(Av=14.796)	 p(Av=41.154)	 I(Av=41.154)	 p(Av=221.104)	 I(Av=221.104)	 p(Av=10886.093)	 I(Av=10886.093)
9.120e-02	 nan	 0.000e+00	 nan	 0.000e+00	 nan	 0.000e+00	 nan	 0.000e+00	 nan	 nan	 
9.226e-02	 nan	 0.000e+00	 nan	 0.000e+00	 nan	 0.000e+00	 nan	 0.000e+00	 nan	 nan	 
9.332e-02	 nan	 0.000e+00	 nan	 0.000e+00	 nan	 0.000e+00	 nan	 0.000e+00	 nan	 nan	 
9.441e-02	 nan	 0.000e+00	 nan	 0.000e+00	 nan	 0.000e+00	 nan	 0.000e+00	 nan	 nan	 
9.550e-02	 nan	 0.000e+00	 nan	 0.000e+00	 nan	 0.000e+00	 nan	 0.000e+00	 nan	 nan	 
9.661e-02	 nan	 0.000e+00	 nan	 0.000e+00	 nan	 0.000e+00	 nan	 0.000e+00	 nan	 nan	 
9.772e-02	 nan	 0.000e+00	 nan	 0.000e+00	 nan	 0.000e+00	 nan	 0.000e+00	 nan	 nan	 
9.886e-02	 nan	 0.000e+00	 nan	 0.000e+00	 nan	 0.000e+00	 nan	 0.000e+00	 nan	 nan	 
1.000e-01	 nan	 0.000e+00	 nan	 0.000e+00	 nan	 0.000e+00	 nan	 0.000e+00	 nan	 nan	 
1.012e-01	 nan	 0.000e+00	 nan	 0.000e+00	 nan	 0.000e+00	 nan	 0.000e+00	 nan	 nan	 
1.023e-01	 nan	 0.000e+00	 nan	 0.000e+00	 nan	 0.000e+00	 nan	 0.000e+00	 nan	 nan	 
1.035e-01	 nan	 0.000e+00	 nan	 0.000e+00	 nan	 0.000e+00	 nan	 0.000e+00	 nan	 nan	 
1.047e-01	 nan	 0.000e+00	 nan	 0.000e+00	 nan	 0.000e+00	 nan	 0.000e+00	 nan	 nan	 
1.059e-01	 nan	 0.000e+00	 nan	 0.000e+00	 nan	 0.000e+00	 nan	 0.000e+00	 nan	 nan	 
1.072e-01	 nan	 0.000e+00	 nan	 0.000e+00	 nan	 0.000e+00	 nan	 0.000e+00	 nan	 nan	 
1.084e-01	 nan	 0.000e+00	 nan	 0.000e+00	 nan	 0.000e+00	 nan	 0.000e+00	 nan	 nan	 
1.097e-01	 nan	 0.000e+00	 nan	 0.000e+00	 nan	 0.000e+00	 nan	 0.000e+00	 nan	 nan	 
1.109e-01	 nan	 0.000e+00	 nan	 0.000e+00	 nan	 0.000e+00	 nan	 0.000e+00	 nan	 nan	 
1.122e-01	 nan	 0.000e+00	 nan	 0.000e+00	 nan	 0.000e+00	 nan	 0.000e+00	 nan	 nan	 
1.135e-01	 nan	 0.000e+00	 nan	 0.000e+00	 nan	 0.000e+00	 nan	 0.000e+00	 nan	 nan	 
1.148e-01	 nan	 0.000e+00	 nan	 0.000e+00	 nan	 0.000e+00	 nan	 0.000e+00	 nan	 nan	 
1.161e-01	 nan	 0.000e+00	 nan	 0.000e+00	 nan	 0.000e+00	 nan	 0.000e+00	 nan	 nan	 
1.175e-01	 nan	 0.000e+00	 nan	 0.000e+00	 nan	 0.000e+00	 nan	 0.000e+00	 nan	 nan	 
1.189e-01	 nan	 0.000e+00	 nan	 0.000e+00	 nan	 0.000e+00	 nan	 0.000e+00	 nan	 nan	 
1.202e-01	 nan	 0.000e+00	 nan	 0.000e+00	 nan	 0.000e+00	 nan	 0.000e+00	 nan	 nan	 
1.216e-01	 nan	 0.000e+00	 nan	 0.000e+00	 nan	 0.000e+00	 nan	 0.000e+00	 nan	 nan	 
1.230e-01	 nan	 0.000e+00	 nan	 0.000e+00	 nan	 0.000e+00	 nan	 0.000e+00	 nan	 nan	 
1.244e-01	 nan	 0.000e+00	 nan	 0.000e+00	 nan	 0.000e+00	 nan	 0.000e+00	 nan	 nan	 
1.259e-01	 nan	 0.000e+00	 nan	 0.000e+00	 nan	 0.000e+00	 nan	 0.000e+00	 nan	 nan	 
1.274e-01	 nan	 0.000e+00	 nan	 0.000e+00	 nan	 0.000e+00	 nan	 0.000e+00	 nan	 nan	 
1.288e-01	 nan	 0.000e+00	 nan	 0.000e+00	 nan	 0.000e+00	 nan	 0.000e+00	 nan	 nan	 
1.303e-01	 nan	 0.000e+00	 nan	 0.000e+00	 nan	 0.000e+00	 nan	 0.000e+00	 nan	 nan	 
1.318e-01	 nan	 0.000e+00	 nan	 0.000e+00	 nan	 0.000e+00	 nan	 0.000e+00	 nan	 nan	 
1.333e-01	 nan	 0.000e+00	 nan	 0.000e+00	 nan	 0.000e+00	 nan	 0.000e+00	 nan	 nan	 
1.349e-01	 nan	 0.000e+00	 nan	 0.000e+00	 nan	 0.000e+00	 nan	 0.000e+00	 nan	 nan	 
1.365e-01	 nan	 0.000e+00	 nan	 0.000e+00	 nan	 0.000e+00	 nan	 0.000e+00	 nan	 nan	 
1.380e-01	 nan	 0.000e+00	 nan	 0.000e+00	 nan	 0.000e+00	 nan	 0.000e+00	 nan	 nan	 
1.396e-01	 nan	 0.000e+00	 nan	 0.000e+00	 nan	 0.000e+00	 nan	 0.000e+00	 nan	 nan	 
1.412e-01	 nan	 0.000e+00	 nan	 0.000e+00	 nan	 0.000e+00	 nan	 0.000e+00	 nan	 nan	 
1.429e-01	 nan	 0.000e+00	 nan	 0.000e+00	 nan	 0.000e+00	 nan	 0.000e+00	 nan	 nan	 
1.445e-01	 nan	 0.000e+00	 nan	 0.000e+00	 nan	 0.000e+00	 nan	 0.000e+00	 nan	 nan	 
1.462e-01	 nan	 0.000e+00	 nan	 0.000e+00	 nan	 0.000e+00	 nan	 0.000e+00	 nan	 nan	 
1.479e-01	 nan	 0.000e+00	 nan	 0.000e+00	 nan	 0.000e+00	 nan	 0.000e+00	 nan	 nan	 
1.496e-01	 nan	 0.000e+00	 nan	 0.000e+00	 nan	 0.000e+00	 nan	 0.000e+00	 nan	 nan	 
1.514e-01	 nan	 0.000e+00	 nan	 0.000e+00	 nan	 0.000e+00	 nan	 0.000e+00	 nan	 nan	 
1.531e-01	 nan	 0.000e+00	 nan	 0.000e+00	 nan	 0.000e+00	 nan	 0.000e+00	 nan	 nan	 
1.549e-01	 nan	 0.000e+00	 nan	 0.000e+00	 nan	 0.000e+00	 nan	 0.000e+00	 nan	 nan	 
1.567e-01	 nan	 0.000e+00	 nan	 0.000e+00	 nan	 0.000e+00	 nan	 0.000e+00	 nan	 nan	 
1.585e-01	 nan	 0.000e+00	 nan	 0.000e+00	 nan	 0.000e+00	 nan	 0.000e+00	 nan	 nan	 
1.603e-01	 nan	 0.000e+00	 nan	 0.000e+00	 nan	 0.000e+00	 nan	 0.000e+00	 nan	 nan	 
1.622e-01	 nan	 0.000e+00	 nan	 0.000e+00	 nan	 0.000e+00	 nan	 0.000e+00	 nan	 nan	 
1.641e-01	 nan	 0.000e+00	 nan	 0.000e+00	 nan	 0.000e+00	 nan	 0.000e+00	 nan	 nan	 
1.660e-01	 nan	 0.000e+00	 nan	 0.000e+00	 nan	 0.000e+00	 nan	 0.000e+00	 nan	 nan	 
1.679e-01	 nan	 0.000e+00	 nan	 0.000e+00	 nan	 0.000e+00	 nan	 0.000e+00	 nan	 nan	 
1.698e-01	 nan	 0.000e+00	 nan	 0.000e+00	 nan	 0.000e+00	 nan	 0.000e+00	 nan	 nan	 
1.718e-01	 nan	 0.000e+00	 nan	 0.000e+00	 nan	 0.000e+00	 nan	 0.000e+00	 nan	 nan	 
1.738e-01	 nan	 0.000e+00	 nan	 0.000e+00	 nan	 0.000e+00	 nan	 0.000e+00	 nan	 nan	 
1.758e-01	 nan	 0.000e+00	 nan	 0.000e+00	 nan	 0.000e+00	 nan	 0.000e+00	 nan	 nan	 
1.778e-01	 nan	 0.000e+00	 nan	 0.000e+00	 nan	 0.000e+00	 nan	 0.000e+00	 nan	 nan	 
1.799e-01	 nan	 0.000e+00	 nan	 0.000e+00	 nan	 0.000e+00	 nan	 0.000e+00	 nan	 nan	 
1.820e-01	 nan	 0.000e+00	 nan	 0.000e+00	 nan	 0.000e+00	 nan	 0.000e+00	 nan	 nan	 
1.841e-01	 nan	 0.000e+00	 nan	 0.000e+00	 nan	 0.000e+00	 nan	 0.000e+00	 nan	 nan	 
1.862e-01	 nan	 0.000e+00	 nan	 0.000e+00	 nan	 0.000e+00	 nan	 0.000e+00	 nan	 nan	 
1.884e-01	 nan	 0.000e+00	 nan	 0.000e+00	 nan	 0.000e+00	 nan	 0.000e+00	 nan	 nan	 
1.905e-01	 nan	 0.000e+00	 nan	 0.000e+00	 nan	 0.000e+00	 nan	 0.000e+00	 nan	 nan	 
1.928e-01	 nan	 0.000e+00	 nan	 0.000e+00	 nan	 0.000e+00	 nan	 0.000e+00	 nan	 nan	 
1.950e-01	 nan	 0.000e+00	 nan	 0.000e+00	 nan	 0.000e+00	 nan	 0.000e+00	 nan	 nan	 
1.972e-01	 nan	 0.000e+00	 nan	 0.000e+00	 nan	 0.000e+00	 nan	 0.000e+00	 nan	 nan	 
1.995e-01	 nan	 0.000e+00	 nan	 0.000e+00	 nan	 0.000e+00	 nan	 0.000e+00	 nan	 nan	 
2.018e-01	 nan	 0.000e+00	 nan	 0.000e+00	 nan	 0.000e+00	 nan	 0.000e+00	 nan	 nan	 
2.042e-01	 nan	 0.000e+00	 nan	 0.000e+00	 nan	 0.000e+00	 nan	 0.000e+00	 nan	 nan	 
2.065e-01	 nan	 0.000e+00	 nan	 0.000e+00	 nan	 0.000e+00	 nan	 0.000e+00	 nan	 nan	 
2.089e-01	 nan	 0.000e+00	 nan	 0.000e+00	 nan	 0.000e+00	 nan	 0.000e+00	 nan	 nan	 
2.113e-01	 nan	 0.000e+00	 nan	 0.000e+00	 nan	 0.000e+00	 nan	 0.000e+00	 nan	 nan	 
2.138e-01	 nan	 0.000e+00	 nan	 0.000e+00	 nan	 0.000e+00	 nan	 0.000e+00	 nan	 nan	 
2.163e-01	 nan	 0.000e+00	 nan	 0.000e+00	 nan	 0.000e+00	 nan	 0.000e+00	 nan	 nan	 
2.188e-01	 nan	 0.000e+00	 nan	 0.000e+00	 nan	 0.000e+00	 nan	 0.000e+00	 nan	 nan	 
2.213e-01	 nan	 0.000e+00	 nan	 0.000e+00	 nan	 0.000e+00	 nan	 0.000e+00	 nan	 nan	 
2.239e-01	 nan	 0.000e+00	 nan	 0.000e+00	 nan	 0.000e+00	 nan	 0.000e+00	 nan	 nan	 
2.265e-01	 nan	 0.000e+00	 nan	 0.000e+00	 nan	 0.000e+00	 nan	 0.000e+00	 nan	 nan	 
2.291e-01	 nan	 0.000e+00	 nan	 0.000e+00	 nan	 0.000e+00	 nan	 0.000e+00	 nan	 nan	 
2.317e-01	 nan	 0.000e+00	 nan	 0.000e+00	 nan	 0.000e+00	 nan	 0.000e+00	 nan	 nan	 
2.344e-01	 nan	 0.000e+00	 nan	 0.000e+00	 nan	 0.000e+00	 nan	 0.000e+00	 nan	 nan	 
2.371e-01	 nan	 0.000e+00	 nan	 0.000e+00	 nan	 0.000e+00	 nan	 0.000e+00	 nan	 nan	 
2.399e-01	 nan	 0.000e+00	 nan	 0.000e+00	 nan	 0.000e+00	 nan	 0.000e+00	 nan	 nan	 
2.427e-01	 nan	 0.000e+00	 nan	 0.000e+00	 nan	 0.000e+00	 nan	 0.000e+00	 nan	 nan	 
2.455e-01	 nan	 0.000e+00	 nan	 0.000e+00	 nan	 0.000e+00	 nan	 0.000e+00	 nan	 nan	 
2.483e-01	 nan	 0.000e+00	 nan	 0.000e+00	 nan	 0.000e+00	 nan	 0.000e+00	 nan	 nan	 
2.512e-01	 nan	 0.000e+00	 nan	 0.000e+00	 nan	 0.000e+00	 nan	 0.000e+00	 nan	 nan	 
2.541e-01	 nan	 0.000e+00	 nan	 0.000e+00	 nan	 0.000e+00	 nan	 0.000e+00	 nan	 nan	 
2.570e-01	 nan	 0.000e+00	 nan	 0.000e+00	 nan	 0.000e+00	 nan	 0.000e+00	 nan	 nan	 
2.600e-01	 nan	 0.000e+00	 nan	 0.000e+00	 nan	 0.000e+00	 nan	 0.000e+00	 nan	 nan	 
2.630e-01	 nan	 0.000e+00	 nan	 0.000e+00	 nan	 0.000e+00	 nan	 0.000e+00	 nan	 nan	 
2.661e-01	 nan	 0.000e+00	 nan	 0.000e+00	 nan	 0.000e+00	 nan	 0.000e+00	 nan	 nan	 
2.691e-01	 nan	 0.000e+00	 nan	 0.000e+00	 nan	 0.000e+00	 nan	 0.000e+00	 nan	 nan	 
2.723e-01	 nan	 0.000e+00	 nan	 0.000e+00	 nan	 0.000e+00	 nan	 0.000e+00	 nan	 nan	 
2.754e-01	 nan	 0.000e+00	 nan	 0.000e+00	 nan	 0.000e+00	 nan	 0.000e+00	 nan	 nan	 
2.786e-01	 nan	 0.000e+00	 nan	 0.000e+00	 nan	 0.000e+00	 nan	 0.000e+00	 nan	 nan	 
2.818e-01	 nan	 0.000e+00	 nan	 0.000e+00	 nan	 0.000e+00	 nan	 0.000e+00	 nan	 nan	 
2.851e-01	 nan	 0.000e+00	 nan	 0.000e+00	 nan	 0.000e+00	 nan	 0.000e+00	 nan	 nan	 
2.884e-01	 nan	 0.000e+00	 nan	 0.000e+00	 nan	 0.000e+00	 nan	 0.000e+00	 nan	 nan	 
2.917e-01	 nan	 0.000e+00	 nan	 0.000e+00	 nan	 0.000e+00	 nan	 0.000e+00	 nan	 nan	 
2.951e-01	 nan	 0.000e+00	 nan	 0.000e+00	 nan	 0.000e+00	 nan	 0.000e+00	 nan	 nan	 
2.985e-01	 nan	 0.000e+00	 nan	 0.000e+00	 nan	 0.000e+00	 nan	 0.000e+00	 nan	 nan	 
3.020e-01	 nan	 0.000e+00	 nan	 0.000e+00	 nan	 0.000e+00	 nan	 0.000e+00	 nan	 nan	 
3.055e-01	 nan	 0.000e+00	 nan	 0.000e+00	 nan	 0.000e+00	 nan	 0.000e+00	 nan	 nan	 
3.090e-01	 nan	 0.000e+00	 nan	 0.000e+00	 nan	 0.000e+00	 nan	 0.000e+00	 nan	 nan	 
3.126e-01	 nan	 0.000e+00	 nan	 0.000e+00	 nan	 0.000e+00	 nan	 0.000e+00	 nan	 nan	 
3.162e-01	 nan	 0.000e+00	 nan	 0.000e+00	 nan	 0.000e+00	 nan	 0.000e+00	 nan	 nan	 
3.199e-01	 nan	 0.000e+00	 nan	 0.000e+00	 nan	 0.000e+00	 nan	 0.000e+00	 nan	 nan	 
3.236e-01	 nan	 0.000e+00	 nan	 0.000e+00	 nan	 0.000e+00	 nan	 0.000e+00	 nan	 nan	 
3.273e-01	 nan	 0.000e+00	 nan	 0.000e+00	 nan	 0.000e+00	 nan	 0.000e+00	 nan	 nan	 
3.311e-01	 nan	 0.000e+00	 nan	 0.000e+00	 nan	 0.000e+00	 nan	 0.000e+00	 nan	 nan	 
3.350e-01	 nan	 0.000e+00	 nan	 0.000e+00	 nan	 0.000e+00	 nan	 0.000e+00	 nan	 nan	 
3.388e-01	 nan	 0.000e+00	 nan	 0.000e+00	 nan	 0.000e+00	 nan	 0.000e+00	 nan	 nan	 
3.428e-01	 nan	 0.000e+00	 nan	 0.000e+00	 nan	 0.000e+00	 nan	 0.000e+00	 nan	 nan	 
3.467e-01	 nan	 0.000e+00	 nan	 0.000e+00	 nan	 0.000e+00	 nan	 0.000e+00	 nan	 nan	 
3.507e-01	 nan	 0.000e+00	 nan	 0.000e+00	 nan	 0.000e+00	 nan	 0.000e+00	 nan	 nan	 
3.548e-01	 nan	 0.000e+00	 nan	 0.000e+00	 nan	 0.000e+00	 nan	 0.000e+00	 nan	 nan	 
3.589e-01	 nan	 0.000e+00	 nan	 0.000e+00	 nan	 0.000e+00	 nan	 0.000e+00	 nan	 nan	 
3.631e-01	 nan	 0.000e+00	 nan	 0.000e+00	 nan	 0.000e+00	 nan	 0.000e+00	 nan	 nan	 
3.673e-01	 nan	 0.000e+00	 nan	 0.000e+00	 nan	 0.000e+00	 nan	 0.000e+00	 nan	 nan	 
3.715e-01	 nan	 0.000e+00	 nan	 0.000e+00	 nan	 0.000e+00	 nan	 0.000e+00	 nan	 nan	 
3.758e-01	 nan	 0.000e+00	 nan	 0.000e+00	 nan	 0.000e+00	 nan	 0.000e+00	 nan	 nan	 
3.802e-01	 nan	 0.000e+00	 nan	 0.000e+00	 nan	 0.000e+00	 nan	 0.000e+00	 nan	 nan	 
3.846e-01	 nan	 0.000e+00	 nan	 0.000e+00	 nan	 0.000e+00	 nan	 0.000e+00	 nan	 nan	 
3.891e-01	 nan	 0.000e+00	 nan	 0.000e+00	 nan	 0.000e+00	 nan	 0.000e+00	 nan	 nan	 
3.936e-01	 nan	 0.000e+00	 nan	 0.000e+00	 nan	 0.000e+00	 nan	 0.000e+00	 nan	 nan	 
3.981e-01	 nan	 0.000e+00	 nan	 0.000e+00	 nan	 0.000e+00	 nan	 0.000e+00	 nan	 nan	 
4.027e-01	 nan	 0.000e+00	 nan	 0.000e+00	 nan	 0.000e+00	 nan	 0.000e+00	 nan	 nan	 
4.074e-01	 nan	 0.000e+00	 nan	 0.000e+00	 nan	 0.000e+00	 nan	 0.000e+00	 nan	 nan	 
4.121e-01	 nan	 0.000e+00	 nan	 0.000e+00	 nan	 0.000e+00	 nan	 0.000e+00	 nan	 nan	 
4.169e-01	 nan	 0.000e+00	 nan	 0.000e+00	 nan	 0.000e+00	 nan	 0.000e+00	 nan	 nan	 
4.217e-01	 nan	 0.000e+00	 nan	 0.000e+00	 nan	 0.000e+00	 nan	 0.000e+00	 nan	 nan	 
4.266e-01	 nan	 0.000e+00	 nan	 0.000e+00	 nan	 0.000e+00	 nan	 0.000e+00	 nan	 nan	 
4.315e-01	 nan	 0.000e+00	 nan	 0.000e+00	 nan	 0.000e+00	 nan	 0.000e+00	 nan	 nan	 
4.365e-01	 nan	 0.000e+00	 nan	 0.000e+00	 nan	 0.000e+00	 nan	 0.000e+00	 nan	 nan	 
4.416e-01	 nan	 0.000e+00	 nan	 0.000e+00	 nan	 0.000e+00	 nan	 0.000e+00	 nan	 nan	 
4.467e-01	 nan	 0.000e+00	 nan	 0.000e+00	 nan	 0.000e+00	 nan	 0.000e+00	 nan	 nan	 
4.519e-01	 nan	 0.000e+00	 nan	 0.000e+00	 nan	 0.000e+00	 nan	 0.000e+00	 nan	 nan	 
4.571e-01	 nan	 0.000e+00	 nan	 0.000e+00	 nan	 0.000e+00	 nan	 0.000e+00	 nan	 nan	 
4.624e-01	 nan	 0.000e+00	 nan	 0.000e+00	 nan	 0.000e+00	 nan	 0.000e+00	 nan	 nan	 
4.677e-01	 nan	 0.000e+00	 nan	 0.000e+00	 nan	 0.000e+00	 nan	 0.000e+00	 nan	 nan	 
4.732e-01	 nan	 0.000e+00	 nan	 0.000e+00	 nan	 0.000e+00	 nan	 0.000e+00	 nan	 nan	 
4.786e-01	 nan	 0.000e+00	 nan	 0.000e+00	 nan	 0.000e+00	 nan	 0.000e+00	 nan	 nan	 
4.842e-01	 nan	 0.000e+00	 nan	 0.000e+00	 nan	 0.000e+00	 nan	 0.000e+00	 nan	 nan	 
4.898e-01	 nan	 0.000e+00	 nan	 0.000e+00	 nan	 0.000e+00	 nan	 0.000e+00	 nan	 nan	 
4.954e-01	 nan	 0.000e+00	 nan	 0.000e+00	 nan	 0.000e+00	 nan	 0.000e+00	 nan	 nan	 
5.012e-01	 nan	 0.000e+00	 nan	 0.000e+00	 nan	 0.000e+00	 nan	 0.000e+00	 nan	 nan	 
5.070e-01	 nan	 0.000e+00	 nan	 0.000e+00	 nan	 0.000e+00	 nan	 0.000e+00	 nan	 nan	 
5.129e-01	 nan	 0.000e+00	 nan	 0.000e+00	 nan	 0.000e+00	 nan	 0.000e+00	 nan	 nan	 
5.188e-01	 nan	 0.000e+00	 nan	 0.000e+00	 nan	 0.000e+00	 nan	 0.000e+00	 nan	 nan	 
5.248e-01	 nan	 0.000e+00	 nan	 0.000e+00	 nan	 0.000e+00	 nan	 0.000e+00	 nan	 nan	 
5.309e-01	 nan	 0.000e+00	 nan	 0.000e+00	 nan	 0.000e+00	 nan	 0.000e+00	 nan	 nan	 
5.370e-01	 nan	 0.000e+00	 nan	 0.000e+00	 nan	 0.000e+00	 nan	 0.000e+00	 nan	 nan	 
5.433e-01	 nan	 0.000e+00	 nan	 0.000e+00	 nan	 0.000e+00	 nan	 0.000e+00	 nan	 nan	 
5.495e-01	 nan	 0.000e+00	 nan	 0.000e+00	 nan	 0.000e+00	 nan	 0.000e+00	 nan	 nan	 
5.559e-01	 nan	 0.000e+00	 nan	 0.000e+00	 nan	 0.000e+00	 nan	 0.000e+00	 nan	 nan	 
5.623e-01	 nan	 0.000e+00	 nan	 0.000e+00	 nan	 0.000e+00	 nan	 0.000e+00	 nan	 nan	 
5.688e-01	 nan	 0.000e+00	 nan	 0.000e+00	 nan	 0.000e+00	 nan	 0.000e+00	 nan	 nan	 
5.754e-01	 nan	 0.000e+00	 nan	 0.000e+00	 nan	 0.000e+00	 nan	 0.000e+00	 nan	 nan	 
5.821e-01	 nan	 0.000e+00	 nan	 0.000e+00	 nan	 0.000e+00	 nan	 0.000e+00	 nan	 nan	 
5.888e-01	 nan	 0.000e+00	 nan	 0.000e+00	 nan	 0.000e+00	 nan	 0.000e+00	 nan	 nan	 
5.957e-01	 nan	 0.000e+00	 nan	 0.000e+00	 nan	 0.000e+00	 nan	 0.000e+00	 nan	 nan	 
6.026e-01	 nan	 0.000e+00	 nan	 0.000e+00	 nan	 0.000e+00	 nan	 0.000e+00	 nan	 nan	 
6.095e-01	 nan	 0.000e+00	 nan	 0.000e+00	 nan	 0.000e+00	 nan	 0.000e+00	 nan	 nan	 
6.166e-01	 nan	 0.000e+00	 nan	 0.000e+00	 nan	 0.000e+00	 nan	 0.000e+00	 nan	 nan	 
6.237e-01	 nan	 0.000e+00	 nan	 0.000e+00	 nan	 0.000e+00	 nan	 0.000e+00	 nan	 nan	 
6.310e-01	 nan	 0.000e+00	 nan	 0.000e+00	 nan	 0.000e+00	 nan	 0.000e+00	 nan	 nan	 
6.383e-01	 nan	 0.000e+00	 nan	 0.000e+00	 nan	 0.000e+00	 nan	 0.000e+00	 nan	 nan	 
6.457e-01	 nan	 0.000e+00	 nan	 0.000e+00	 nan	 0.000e+00	 nan	 0.000e+00	 nan	 nan	 
6.531e-01	 nan	 0.000e+00	 nan	 0.000e+00	 nan	 0.000e+00	 nan	 0.000e+00	 nan	 nan	 
6.607e-01	 nan	 0.000e+00	 nan	 0.000e+00	 nan	 0.000e+00	 nan	 0.000e+00	 nan	 nan	 
6.683e-01	 nan	 0.000e+00	 nan	 0.000e+00	 nan	 0.000e+00	 nan	 0.000e+00	 nan	 nan	 
6.761e-01	 nan	 0.000e+00	 nan	 0.000e+00	 nan	 0.000e+00	 nan	 0.000e+00	 nan	 nan	 
6.839e-01	 nan	 0.000e+00	 nan	 0.000e+00	 nan	 0.000e+00	 nan	 0.000e+00	 nan	 nan	 
6.918e-01	 nan	 0.000e+00	 nan	 0.000e+00	 nan	 0.000e+00	 nan	 0.000e+00	 nan	 nan	 
6.998e-01	 nan	 0.000e+00	 nan	 0.000e+00	 nan	 0.000e+00	 nan	 0.000e+00	 nan	 nan	 
7.079e-01	 nan	 0.000e+00	 nan	 0.000e+00	 nan	 0.000e+00	 nan	 0.000e+00	 nan	 nan	 
7.161e-01	 nan	 0.000e+00	 nan	 0.000e+00	 nan	 0.000e+00	 nan	 0.000e+00	 nan	 nan	 
7.244e-01	 nan	 0.000e+00	 nan	 0.000e+00	 nan	 0.000e+00	 nan	 0.000e+00	 nan	 nan	 
7.328e-01	 nan	 0.000e+00	 nan	 0.000e+00	 nan	 0.000e+00	 nan	 0.000e+00	 nan	 nan	 
7.413e-01	 nan	 0.000e+00	 nan	 0.000e+00	 nan	 0.000e+00	 nan	 0.000e+00	 nan	 nan	 
7.499e-01	 nan	 0.000e+00	 nan	 0.000e+00	 nan	 0.000e+00	 nan	 0.000e+00	 nan	 nan	 
7.586e-01	 nan	 0.000e+00	 nan	 0.000e+00	 nan	 0.000e+00	 nan	 0.000e+00	 nan	 nan	 
7.674e-01	 nan	 0.000e+00	 nan	 0.000e+00	 nan	 0.000e+00	 nan	 0.000e+00	 nan	 nan	 
7.763e-01	 nan	 0.000e+00	 nan	 0.000e+00	 nan	 0.000e+00	 nan	 0.000e+00	 nan	 nan	 
7.852e-01	 nan	 0.000e+00	 nan	 0.000e+00	 nan	 0.000e+00	 nan	 0.000e+00	 nan	 nan	 
7.943e-01	 nan	 0.000e+00	 nan	 0.000e+00	 nan	 0.000e+00	 nan	 0.000e+00	 nan	 nan	 
8.035e-01	 nan	 0.000e+00	 nan	 0.000e+00	 nan	 0.000e+00	 nan	 0.000e+00	 nan	 nan	 
8.128e-01	 nan	 0.000e+00	 nan	 0.000e+00	 nan	 0.000e+00	 nan	 0.000e+00	 nan	 nan	 
8.222e-01	 nan	 0.000e+00	 nan	 0.000e+00	 nan	 0.000e+00	 nan	 0.000e+00	 nan	 nan	 
8.318e-01	 nan	 0.000e+00	 nan	 0.000e+00	 nan	 0.000e+00	 nan	 0.000e+00	 nan	 nan	 
8.414e-01	 nan	 0.000e+00	 nan	 0.000e+00	 nan	 0.000e+00	 nan	 0.000e+00	 nan	 nan	 
8.511e-01	 nan	 0.000e+00	 nan	 0.000e+00	 nan	 0.000e+00	 nan	 0.000e+00	 nan	 nan	 
8.610e-01	 nan	 0.000e+00	 nan	 0.000e+00	 nan	 0.000e+00	 nan	 0.000e+00	 nan	 nan	 
8.710e-01	 nan	 0.000e+00	 nan	 0.000e+00	 nan	 0.000e+00	 nan	 0.000e+00	 nan	 nan	 
8.810e-01	 nan	 0.000e+00	 nan	 0.000e+00	 nan	 0.000e+00	 nan	 0.000e+00	 nan	 nan	 
8.913e-01	 nan	 0.000e+00	 nan	 0.000e+00	 nan	 0.000e+00	 nan	 0.000e+00	 nan	 nan	 
9.016e-01	 nan	 0.000e+00	 nan	 0.000e+00	 nan	 0.000e+00	 nan	 0.000e+00	 nan	 nan	 
9.120e-01	 nan	 0.000e+00	 nan	 0.000e+00	 nan	 0.000e+00	 nan	 0.000e+00	 nan	 nan	 
9.226e-01	 nan	 0.000e+00	 nan	 0.000e+00	 nan	 0.000e+00	 nan	 0.000e+00	 nan	 nan	 
9.333e-01	 nan	 0.000e+00	 nan	 0.000e+00	 nan	 0.000e+00	 nan	 0.000e+00	 nan	 nan	 
9.441e-01	 nan	 0.000e+00	 nan	 0.000e+00	 nan	 0.000e+00	 nan	 0.000e+00	 nan	 nan	 
9.550e-01	 nan	 0.000e+00	 nan	 0.000e+00	 nan	 0.000e+00	 nan	 0.000e+00	 nan	 nan	 
9.661e-01	 nan	 0.000e+00	 nan	 0.000e+00	 nan	 0.000e+00	 nan	 0.000e+00	 nan	 nan	 
9.772e-01	 nan	 0.000e+00	 nan	 0.000e+00	 nan	 0.000e+00	 nan	 0.000e+00	 nan	 nan	 
9.886e-01	 nan	 0.000e+00	 nan	 0.000e+00	 nan	 0.000e+00	 nan	 0.000e+00	 nan	 nan	 
1.000e+00	 nan	 0.000e+00	 nan	 0.000e+00	 nan	 0.000e+00	 nan	 0.000e+00	 nan	 nan	 
1.012e+00	 nan	 0.000e+00	 nan	 0.000e+00	 nan	 0.000e+00	 nan	 0.000e+00	 nan	 nan	 
1.023e+00	 nan	 0.000e+00	 nan	 0.000e+00	 nan	 0.000e+00	 nan	 0.000e+00	 nan	 nan	 
1.035e+00	 nan	 0.000e+00	 nan	 0.000e+00	 nan	 0.000e+00	 nan	 0.000e+00	 nan	 nan	 
1.047e+00	 nan	 0.000e+00	 nan	 0.000e+00	 nan	 0.000e+00	 nan	 0.000e+00	 nan	 nan	 
1.059e+00	 -0.000e+00	 -7.399e-297	 nan	 0.000e+00	 0.000e+00	 4.112e-302	 nan	 0.000e+00	 nan	 nan	 
1.071e+00	 4.573e-08	 -1.837e-293	 0.000e+00	 1.131e-301	 0.000e+00	 1.246e-298	 nan	 0.000e+00	 nan	 nan	 
1.084e+00	 6.427e-08	 -7.192e-290	 0.000e+00	 5.913e-298	 5.337e-08	 5.258e-295	 0.000e+00	 2.580e-301	 nan	 nan	 
1.097e+00	 6.432e-08	 -2.313e-286	 4.483e-08	 2.219e-294	 5.427e-08	 1.818e-291	 0.000e+00	 1.071e-297	 nan	 nan	 
1.109e+00	 6.444e-08	 -3.376e-283	 4.508e-08	 3.722e-291	 5.437e-08	 2.833e-288	 3.654e-08	 1.955e-294	 nan	 nan	 
1.122e+00	 6.444e-08	 -7.588e-280	 4.508e-08	 9.694e-288	 5.437e-08	 6.825e-285	 3.662e-08	 5.563e-291	 nan	 nan	 
1.135e+00	 6.443e-08	 -1.429e-276	 4.507e-08	 2.108e-284	 5.436e-08	 1.375e-281	 3.661e-08	 1.320e-287	 nan	 nan	 
1.148e+00	 6.452e-08	 -2.266e-273	 4.514e-08	 3.850e-281	 5.444e-08	 2.331e-278	 3.666e-08	 2.623e-284	 nan	 nan	 
1.161e+00	 6.460e-08	 -3.048e-270	 4.519e-08	 5.941e-278	 5.451e-08	 3.344e-275	 3.671e-08	 4.397e-281	 nan	 nan	 
1.175e+00	 6.469e-08	 -5.969e-267	 4.525e-08	 1.345e-274	 5.458e-08	 7.010e-272	 3.675e-08	 1.086e-277	 nan	 nan	 
1.189e+00	 6.474e-08	 -9.776e-264	 4.528e-08	 2.537e-271	 5.462e-08	 1.227e-268	 3.678e-08	 2.231e-274	 nan	 nan	 
1.202e+00	 6.482e-08	 -8.079e-261	 4.534e-08	 2.383e-268	 5.469e-08	 1.077e-265	 3.682e-08	 2.264e-271	 nan	 nan	 
1.216e+00	 6.485e-08	 -9.535e-258	 4.536e-08	 3.220e-265	 5.471e-08	 1.355e-262	 3.684e-08	 3.318e-268	 nan	 nan	 
1.230e+00	 6.493e-08	 -9.570e-255	 4.542e-08	 3.688e-262	 5.478e-08	 1.447e-259	 3.689e-08	 4.115e-265	 nan	 nan	 
1.245e+00	 6.500e-08	 -1.325e-251	 4.546e-08	 5.860e-259	 5.484e-08	 2.137e-256	 3.692e-08	 7.108e-262	 nan	 nan	 
1.259e+00	 6.509e-08	 -9.678e-249	 4.552e-08	 4.857e-256	 5.491e-08	 1.657e-253	 3.697e-08	 6.355e-259	 nan	 nan	 
1.273e+00	 6.518e-08	 -6.111e-246	 4.559e-08	 3.469e-253	 5.499e-08	 1.109e-250	 3.702e-08	 4.888e-256	 nan	 nan	 
1.288e+00	 6.519e-08	 -5.235e-243	 4.559e-08	 3.381e-250	 5.500e-08	 1.009e-247	 3.702e-08	 5.150e-253	 nan	 nan	 
1.303e+00	 6.532e-08	 -3.835e-240	 4.568e-08	 2.810e-247	 5.511e-08	 7.846e-245	 3.710e-08	 4.618e-250	 nan	 nan	 
1.318e+00	 6.545e-08	 -2.417e-237	 4.577e-08	 2.003e-244	 5.522e-08	 5.240e-242	 3.717e-08	 3.546e-247	 nan	 nan	 
1.334e+00	 6.560e-08	 -1.995e-234	 4.587e-08	 1.880e-241	 5.534e-08	 4.593e-239	 3.725e-08	 3.594e-244	 nan	 nan	 
1.349e+00	 6.562e-08	 -9.354e-232	 4.588e-08	 9.912e-239	 5.535e-08	 2.276e-236	 3.726e-08	 2.035e-241	 nan	 nan	 
1.365e+00	 6.564e-08	 -5.694e-229	 4.590e-08	 6.820e-236	 5.537e-08	 1.468e-233	 3.727e-08	 1.507e-238	 nan	 nan	 
1.380e+00	 6.578e-08	 -2.026e-226	 4.599e-08	 2.715e-233	 5.549e-08	 5.505e-231	 3.735e-08	 6.420e-236	 nan	 nan	 
1.396e+00	 6.580e-08	 -9.279e-224	 4.601e-08	 1.398e-230	 5.551e-08	 2.665e-228	 3.736e-08	 3.548e-233	 nan	 nan	 
1.413e+00	 6.575e-08	 -5.352e-221	 4.597e-08	 9.106e-228	 5.546e-08	 1.627e-225	 3.732e-08	 2.486e-230	 nan	 nan	 
1.429e+00	 6.586e-08	 -1.848e-218	 4.604e-08	 3.516e-225	 5.555e-08	 5.922e-223	 3.739e-08	 1.027e-227	 nan	 nan	 
1.445e+00	 6.592e-08	 -5.602e-216	 4.609e-08	 1.189e-222	 5.561e-08	 1.890e-220	 3.742e-08	 3.709e-225	 nan	 nan	 
1.462e+00	 6.595e-08	 -2.117e-213	 4.611e-08	 5.033e-220	 5.563e-08	 7.534e-218	 3.744e-08	 1.681e-222	 nan	 nan	 
1.479e+00	 6.605e-08	 -6.972e-211	 4.617e-08	 1.852e-217	 5.571e-08	 2.614e-215	 3.749e-08	 6.613e-220	 nan	 nan	 
1.496e+00	 6.620e-08	 -2.012e-208	 4.628e-08	 5.957e-215	 5.584e-08	 7.939e-213	 3.758e-08	 2.271e-217	 nan	 nan	 
1.514e+00	 6.624e-08	 -7.051e-206	 4.630e-08	 2.335e-212	 5.587e-08	 2.933e-210	 3.760e-08	 9.523e-215	 nan	 nan	 
1.531e+00	 6.630e-08	 -1.572e-203	 4.634e-08	 5.773e-210	 5.592e-08	 6.864e-208	 3.763e-08	 2.506e-212	 nan	 nan	 
1.549e+00	 6.646e-08	 -4.230e-201	 4.646e-08	 1.729e-207	 5.606e-08	 1.942e-205	 3.772e-08	 8.004e-210	 nan	 nan	 
1.567e+00	 6.641e-08	 -1.001e-198	 4.642e-08	 4.540e-205	 5.602e-08	 4.826e-203	 3.769e-08	 2.239e-207	 nan	 nan	 
1.585e+00	 6.657e-08	 -2.089e-196	 4.653e-08	 1.050e-202	 5.615e-08	 1.057e-200	 3.778e-08	 5.505e-205	 nan	 nan	 
1.603e+00	 6.669e-08	 -3.868e-194	 4.661e-08	 2.149e-200	 5.625e-08	 2.052e-198	 3.784e-08	 1.197e-202	 nan	 nan	 
1.622e+00	 6.677e-08	 -8.439e-192	 4.666e-08	 5.197e-198	 5.631e-08	 4.699e-196	 3.788e-08	 3.079e-200	 nan	 nan	 
1.641e+00	 6.678e-08	 -1.625e-189	 4.667e-08	 1.107e-195	 5.632e-08	 9.489e-194	 3.789e-08	 6.969e-198	 nan	 nan	 
1.660e+00	 6.694e-08	 -2.773e-187	 4.678e-08	 2.083e-193	 5.645e-08	 1.696e-191	 3.797e-08	 1.392e-195	 nan	 nan	 
1.679e+00	 6.702e-08	 -4.211e-185	 4.684e-08	 3.484e-191	 5.652e-08	 2.695e-189	 3.802e-08	 2.466e-193	 nan	 nan	 
1.698e+00	 6.715e-08	 -5.713e-183	 4.693e-08	 5.192e-189	 5.663e-08	 3.820e-187	 3.809e-08	 3.889e-191	 nan	 nan	 
1.718e+00	 6.716e-08	 -8.926e-181	 4.693e-08	 8.935e-187	 5.664e-08	 6.247e-185	 3.810e-08	 7.095e-189	 nan	 nan	 
1.738e+00	 6.725e-08	 -1.241e-178	 4.699e-08	 1.366e-184	 5.671e-08	 9.082e-183	 3.814e-08	 1.148e-186	 nan	 nan	 
1.758e+00	 6.729e-08	 -1.542e-176	 4.702e-08	 1.861e-182	 5.675e-08	 1.178e-180	 3.817e-08	 1.653e-184	 nan	 nan	 
1.778e+00	 6.752e-08	 -1.719e-174	 4.717e-08	 2.269e-180	 5.694e-08	 1.370e-178	 3.829e-08	 2.129e-182	 nan	 nan	 
1.799e+00	 6.766e-08	 -2.166e-172	 4.727e-08	 3.138e-178	 5.706e-08	 1.804e-176	 3.837e-08	 3.113e-180	 nan	 nan	 
1.820e+00	 6.768e-08	 -2.441e-170	 4.729e-08	 3.872e-176	 5.707e-08	 2.121e-174	 3.838e-08	 4.056e-178	 nan	 nan	 
1.841e+00	 6.775e-08	 -2.470e-168	 4.733e-08	 4.279e-174	 5.713e-08	 2.237e-172	 3.842e-08	 4.728e-176	 nan	 nan	 
1.862e+00	 6.785e-08	 -2.251e-166	 4.740e-08	 4.252e-172	 5.722e-08	 2.124e-170	 3.847e-08	 4.949e-174	 nan	 nan	 
1.884e+00	 6.801e-08	 -2.284e-164	 4.751e-08	 4.713e-170	 5.735e-08	 2.246e-168	 3.856e-08	 5.785e-172	 nan	 nan	 
1.906e+00	 6.812e-08	 -2.082e-162	 4.758e-08	 4.684e-168	 5.744e-08	 2.133e-166	 3.862e-08	 6.057e-170	 nan	 nan	 
1.928e+00	 6.814e-08	 -1.713e-160	 4.760e-08	 4.192e-166	 5.746e-08	 1.825e-164	 3.863e-08	 5.704e-168	 nan	 nan	 
1.950e+00	 6.834e-08	 -1.275e-158	 4.774e-08	 3.390e-164	 5.763e-08	 1.413e-162	 3.874e-08	 4.847e-166	 nan	 nan	 
1.972e+00	 6.844e-08	 -8.622e-157	 4.780e-08	 2.485e-162	 5.770e-08	 9.923e-161	 3.879e-08	 3.730e-164	 nan	 nan	 
1.995e+00	 6.847e-08	 -6.392e-155	 4.782e-08	 2.001e-160	 5.773e-08	 7.648e-159	 3.881e-08	 3.156e-162	 nan	 nan	 
2.018e+00	 6.859e-08	 -4.296e-153	 4.790e-08	 1.457e-158	 5.783e-08	 5.338e-157	 3.887e-08	 2.413e-160	 nan	 nan	 
2.042e+00	 6.872e-08	 -3.134e-151	 4.799e-08	 1.154e-156	 5.794e-08	 4.047e-155	 3.895e-08	 2.008e-158	 nan	 nan	 
2.065e+00	 6.885e-08	 -1.740e-149	 4.808e-08	 6.922e-155	 5.805e-08	 2.331e-153	 3.902e-08	 1.262e-156	 nan	 nan	 
2.089e+00	 6.897e-08	 -1.047e-147	 4.816e-08	 4.505e-153	 5.815e-08	 1.455e-151	 3.908e-08	 8.607e-155	 nan	 nan	 
2.114e+00	 6.914e-08	 -6.769e-146	 4.828e-08	 3.154e-151	 5.829e-08	 9.765e-150	 3.918e-08	 6.323e-153	 nan	 nan	 
2.138e+00	 6.934e-08	 -3.378e-144	 4.841e-08	 1.696e-149	 5.846e-08	 5.047e-148	 3.929e-08	 3.558e-151	 nan	 nan	 
2.163e+00	 6.936e-08	 -1.808e-142	 4.842e-08	 9.802e-148	 5.847e-08	 2.801e-146	 3.930e-08	 2.152e-149	 nan	 nan	 
2.188e+00	 6.949e-08	 -8.835e-141	 4.852e-08	 5.160e-146	 5.858e-08	 1.417e-144	 3.937e-08	 1.185e-147	 nan	 nan	 
2.213e+00	 6.959e-08	 -3.953e-139	 4.858e-08	 2.483e-144	 5.867e-08	 6.563e-143	 3.942e-08	 5.958e-146	 nan	 nan	 
2.239e+00	 6.980e-08	 -1.881e-137	 4.873e-08	 1.272e-142	 5.884e-08	 3.233e-141	 3.954e-08	 3.192e-144	 nan	 nan	 
2.265e+00	 6.991e-08	 -8.189e-136	 4.880e-08	 5.955e-141	 5.893e-08	 1.456e-139	 3.960e-08	 1.560e-142	 nan	 nan	 
2.291e+00	 7.019e-08	 -3.270e-134	 4.899e-08	 2.552e-139	 5.917e-08	 6.012e-138	 3.976e-08	 6.977e-141	 nan	 nan	 
2.317e+00	 7.022e-08	 -1.202e-132	 4.901e-08	 1.005e-137	 5.919e-08	 2.283e-136	 3.977e-08	 2.865e-139	 nan	 nan	 
2.344e+00	 7.038e-08	 -4.660e-131	 4.912e-08	 4.181e-136	 5.932e-08	 9.148e-135	 3.986e-08	 1.243e-137	 nan	 nan	 
2.371e+00	 7.057e-08	 -1.663e-129	 4.925e-08	 1.598e-134	 5.948e-08	 3.372e-133	 3.996e-08	 4.951e-136	 nan	 nan	 
2.399e+00	 7.076e-08	 -6.222e-128	 4.938e-08	 6.408e-133	 5.965e-08	 1.303e-131	 4.007e-08	 2.070e-134	 nan	 nan	 
2.427e+00	 7.084e-08	 -2.140e-126	 4.943e-08	 2.359e-131	 5.971e-08	 4.628e-130	 4.011e-08	 7.936e-133	 nan	 nan	 
2.455e+00	 7.104e-08	 -6.785e-125	 4.956e-08	 7.992e-130	 5.987e-08	 1.514e-128	 4.022e-08	 2.798e-131	 nan	 nan	 
2.483e+00	 7.118e-08	 -1.989e-123	 4.966e-08	 2.500e-128	 5.999e-08	 4.575e-127	 4.029e-08	 9.100e-130	 nan	 nan	 
2.512e+00	 7.136e-08	 -6.077e-122	 4.978e-08	 8.156e-127	 6.014e-08	 1.442e-125	 4.039e-08	 3.089e-128	 nan	 nan	 
2.541e+00	 7.159e-08	 -1.717e-120	 4.994e-08	 2.458e-125	 6.033e-08	 4.198e-124	 4.052e-08	 9.671e-127	 nan	 nan	 
2.570e+00	 7.167e-08	 -4.497e-119	 4.999e-08	 6.852e-124	 6.040e-08	 1.132e-122	 4.056e-08	 2.800e-125	 nan	 nan	 
2.600e+00	 7.189e-08	 -1.221e-117	 5.014e-08	 1.983e-122	 6.058e-08	 3.168e-121	 4.068e-08	 8.416e-124	 nan	 nan	 
2.630e+00	 7.206e-08	 -3.073e-116	 5.025e-08	 5.309e-121	 6.072e-08	 8.208e-120	 4.078e-08	 2.339e-122	 nan	 nan	 
2.661e+00	 7.226e-08	 -7.984e-115	 5.039e-08	 1.468e-119	 6.089e-08	 2.196e-118	 4.089e-08	 6.715e-121	 nan	 nan	 
2.691e+00	 7.247e-08	 -1.736e-113	 5.053e-08	 3.387e-118	 6.107e-08	 4.909e-117	 4.101e-08	 1.605e-119	 nan	 nan	 
2.723e+00	 7.258e-08	 -4.306e-112	 5.060e-08	 8.936e-117	 6.116e-08	 1.254e-115	 4.106e-08	 4.394e-118	 nan	 nan	 
2.754e+00	 7.284e-08	 -8.984e-111	 5.078e-08	 1.977e-115	 6.138e-08	 2.688e-114	 4.121e-08	 1.007e-116	 nan	 nan	 
2.786e+00	 7.299e-08	 -1.927e-109	 5.088e-08	 4.496e-114	 6.150e-08	 5.927e-113	 4.128e-08	 2.372e-115	 nan	 nan	 
2.818e+00	 7.320e-08	 -3.855e-108	 5.102e-08	 9.531e-113	 6.167e-08	 1.218e-111	 4.140e-08	 5.205e-114	 nan	 nan	 
2.851e+00	 7.348e-08	 -7.888e-107	 5.121e-08	 2.067e-111	 6.191e-08	 2.562e-110	 4.156e-08	 1.169e-112	 nan	 nan	 
2.884e+00	 7.369e-08	 -1.507e-105	 5.135e-08	 4.179e-110	 6.208e-08	 5.027e-109	 4.167e-08	 2.445e-111	 nan	 nan	 
2.917e+00	 7.392e-08	 -2.691e-104	 5.150e-08	 7.889e-109	 6.227e-08	 9.214e-108	 4.180e-08	 4.770e-110	 nan	 nan	 
2.951e+00	 7.417e-08	 -4.904e-103	 5.167e-08	 1.520e-107	 6.248e-08	 1.723e-106	 4.193e-08	 9.503e-109	 nan	 nan	 
2.985e+00	 7.433e-08	 -8.359e-102	 5.177e-08	 2.737e-106	 6.261e-08	 3.014e-105	 4.202e-08	 1.768e-107	 nan	 nan	 
3.020e+00	 7.462e-08	 -1.449e-100	 5.197e-08	 5.011e-105	 6.286e-08	 5.360e-104	 4.218e-08	 3.344e-106	 nan	 nan	 
3.055e+00	 7.497e-08	 -2.349e-99	 5.221e-08	 8.573e-104	 6.315e-08	 8.912e-103	 4.237e-08	 5.908e-105	 nan	 nan	 
3.090e+00	 7.530e-08	 -3.571e-98	 5.243e-08	 1.374e-102	 6.343e-08	 1.389e-101	 4.256e-08	 9.766e-104	 nan	 nan	 
3.126e+00	 7.547e-08	 -5.503e-97	 5.254e-08	 2.232e-101	 6.357e-08	 2.194e-100	 4.265e-08	 1.638e-102	 nan	 nan	 
3.162e+00	 7.584e-08	 -7.955e-96	 5.279e-08	 3.397e-100	 6.387e-08	 3.249e-99	 4.285e-08	 2.570e-101	 nan	 nan	 
3.199e+00	 7.605e-08	 -1.163e-94	 5.293e-08	 5.229e-99	 6.404e-08	 4.866e-98	 4.296e-08	 4.080e-100	 nan	 nan	 
3.236e+00	 7.645e-08	 -1.596e-93	 5.320e-08	 7.553e-98	 6.438e-08	 6.841e-97	 4.319e-08	 6.074e-99	 nan	 nan	 
3.273e+00	 7.656e-08	 -2.065e-92	 5.327e-08	 1.027e-96	 6.447e-08	 9.057e-96	 4.325e-08	 8.502e-98	 nan	 nan	 
3.311e+00	 7.678e-08	 -2.701e-91	 5.341e-08	 1.411e-95	 6.465e-08	 1.212e-94	 4.337e-08	 1.204e-96	 nan	 nan	 
3.350e+00	 7.654e-08	 -3.633e-90	 5.324e-08	 1.995e-94	 6.444e-08	 1.670e-93	 4.322e-08	 1.753e-95	 nan	 nan	 
3.388e+00	 7.761e-08	 -4.428e-89	 5.397e-08	 2.550e-93	 6.534e-08	 2.081e-92	 4.382e-08	 2.305e-94	 nan	 nan	 
3.428e+00	 7.848e-08	 -5.493e-88	 5.457e-08	 3.323e-92	 6.607e-08	 2.641e-91	 4.431e-08	 3.090e-93	 nan	 nan	 
3.467e+00	 7.941e-08	 -6.034e-87	 5.520e-08	 3.824e-91	 6.685e-08	 2.965e-90	 4.483e-08	 3.656e-92	 nan	 nan	 
3.507e+00	 8.007e-08	 -6.524e-86	 5.564e-08	 4.333e-90	 6.740e-08	 3.277e-89	 4.519e-08	 4.259e-91	 nan	 nan	 
3.548e+00	 8.065e-08	 -7.132e-85	 5.604e-08	 4.964e-89	 6.788e-08	 3.662e-88	 4.552e-08	 5.015e-90	 nan	 nan	 
3.589e+00	 8.093e-08	 -7.308e-84	 5.622e-08	 5.325e-88	 6.811e-08	 3.834e-87	 4.567e-08	 5.527e-89	 nan	 nan	 
3.631e+00	 8.106e-08	 -7.615e-83	 5.630e-08	 5.809e-87	 6.822e-08	 4.081e-86	 4.574e-08	 6.195e-88	 nan	 nan	 
3.673e+00	 8.121e-08	 -7.592e-82	 5.639e-08	 6.057e-86	 6.834e-08	 4.155e-85	 4.582e-08	 6.631e-87	 nan	 nan	 
3.715e+00	 8.146e-08	 -7.185e-81	 5.655e-08	 5.990e-85	 6.855e-08	 4.014e-84	 4.595e-08	 6.728e-86	 nan	 nan	 
3.758e+00	 8.177e-08	 -6.806e-80	 5.675e-08	 5.929e-84	 6.880e-08	 3.881e-83	 4.611e-08	 6.833e-85	 nan	 nan	 
3.802e+00	 8.200e-08	 -6.447e-79	 5.690e-08	 5.869e-83	 6.899e-08	 3.753e-82	 4.624e-08	 6.940e-84	 nan	 nan	 
3.846e+00	 8.232e-08	 -5.800e-78	 5.710e-08	 5.511e-82	 6.925e-08	 3.445e-81	 4.641e-08	 6.682e-83	 nan	 nan	 
3.891e+00	 8.261e-08	 -5.206e-77	 5.729e-08	 5.164e-81	 6.949e-08	 3.154e-80	 4.657e-08	 6.420e-82	 nan	 nan	 
3.935e+00	 8.296e-08	 -4.238e-76	 5.751e-08	 4.380e-80	 6.978e-08	 2.618e-79	 4.676e-08	 5.577e-81	 nan	 nan	 
3.981e+00	 8.321e-08	 -3.613e-75	 5.767e-08	 3.895e-79	 6.998e-08	 2.276e-78	 4.689e-08	 5.081e-80	 nan	 nan	 
4.027e+00	 8.365e-08	 -2.932e-74	 5.796e-08	 3.293e-78	 7.034e-08	 1.882e-77	 4.713e-08	 4.399e-79	 nan	 nan	 
4.074e+00	 8.393e-08	 -2.370e-73	 5.813e-08	 2.773e-77	 7.057e-08	 1.551e-76	 4.728e-08	 3.794e-78	 nan	 nan	 
4.121e+00	 8.427e-08	 -1.827e-72	 5.834e-08	 2.226e-76	 7.084e-08	 1.219e-75	 4.746e-08	 3.116e-77	 nan	 nan	 
4.169e+00	 8.464e-08	 -1.402e-71	 5.858e-08	 1.778e-75	 7.115e-08	 9.527e-75	 4.766e-08	 2.547e-76	 nan	 nan	 
4.217e+00	 8.500e-08	 -1.027e-70	 5.881e-08	 1.354e-74	 7.144e-08	 7.108e-74	 4.786e-08	 1.985e-75	 nan	 nan	 
4.266e+00	 8.539e-08	 -7.489e-70	 5.906e-08	 1.027e-73	 7.176e-08	 5.279e-73	 4.807e-08	 1.539e-74	 nan	 nan	 
4.315e+00	 8.571e-08	 -5.217e-69	 5.926e-08	 7.435e-73	 7.202e-08	 3.744e-72	 4.824e-08	 1.139e-73	 nan	 nan	 
4.365e+00	 8.607e-08	 -3.617e-68	 5.948e-08	 5.355e-72	 7.231e-08	 2.642e-71	 4.843e-08	 8.384e-73	 nan	 nan	 
4.416e+00	 8.643e-08	 -2.489e-67	 5.971e-08	 3.829e-71	 7.260e-08	 1.851e-70	 4.863e-08	 6.126e-72	 nan	 nan	 
4.467e+00	 8.687e-08	 -1.640e-66	 5.999e-08	 2.618e-70	 7.296e-08	 1.241e-69	 4.886e-08	 4.279e-71	 nan	 nan	 
4.519e+00	 8.730e-08	 -1.073e-65	 6.025e-08	 1.778e-69	 7.331e-08	 8.257e-69	 4.909e-08	 2.967e-70	 nan	 nan	 
4.571e+00	 8.760e-08	 -6.720e-65	 6.044e-08	 1.155e-68	 7.355e-08	 5.261e-68	 4.925e-08	 1.968e-69	 nan	 nan	 
4.624e+00	 8.801e-08	 -4.181e-64	 6.069e-08	 7.452e-68	 7.388e-08	 3.329e-67	 4.947e-08	 1.296e-68	 nan	 nan	 
4.677e+00	 8.849e-08	 -2.493e-63	 6.099e-08	 4.605e-67	 7.427e-08	 2.019e-66	 4.973e-08	 8.169e-68	 nan	 nan	 
4.732e+00	 8.890e-08	 -1.525e-62	 6.124e-08	 2.921e-66	 7.460e-08	 1.256e-65	 4.994e-08	 5.286e-67	 nan	 nan	 
4.786e+00	 8.939e-08	 -8.664e-62	 6.155e-08	 1.718e-65	 7.500e-08	 7.249e-65	 5.021e-08	 3.169e-66	 nan	 nan	 
4.842e+00	 8.986e-08	 -5.036e-61	 6.184e-08	 1.034e-64	 7.538e-08	 4.283e-64	 5.046e-08	 1.946e-65	 nan	 nan	 
4.898e+00	 9.031e-08	 -2.812e-60	 6.212e-08	 5.976e-64	 7.574e-08	 2.430e-63	 5.070e-08	 1.146e-64	 nan	 nan	 
4.955e+00	 9.080e-08	 -1.555e-59	 6.241e-08	 3.419e-63	 7.613e-08	 1.365e-62	 5.096e-08	 6.682e-64	 nan	 nan	 
5.012e+00	 9.133e-08	 -8.263e-59	 6.274e-08	 1.880e-62	 7.656e-08	 7.369e-62	 5.124e-08	 3.741e-63	 nan	 nan	 
5.070e+00	 9.190e-08	 -4.349e-58	 6.310e-08	 1.023e-61	 7.702e-08	 3.939e-61	 5.155e-08	 2.074e-62	 nan	 nan	 
5.129e+00	 9.239e-08	 -2.266e-57	 6.339e-08	 5.509e-61	 7.741e-08	 2.084e-60	 5.180e-08	 1.137e-61	 nan	 nan	 
5.188e+00	 9.299e-08	 -1.136e-56	 6.376e-08	 2.855e-60	 7.789e-08	 1.061e-59	 5.213e-08	 5.997e-61	 nan	 nan	 
5.248e+00	 9.355e-08	 -5.639e-56	 6.411e-08	 1.463e-59	 7.835e-08	 5.346e-59	 5.242e-08	 3.129e-60	 nan	 nan	 
5.309e+00	 9.413e-08	 -2.768e-55	 6.445e-08	 7.420e-59	 7.880e-08	 2.664e-58	 5.273e-08	 1.614e-59	 nan	 nan	 
5.370e+00	 9.473e-08	 -1.310e-54	 6.482e-08	 3.624e-58	 7.929e-08	 1.279e-57	 5.305e-08	 8.018e-59	 nan	 nan	 
5.432e+00	 9.524e-08	 -6.135e-54	 6.512e-08	 1.751e-57	 7.969e-08	 6.079e-57	 5.331e-08	 3.940e-58	 nan	 nan	 
5.495e+00	 9.594e-08	 -2.842e-53	 6.555e-08	 8.370e-57	 8.025e-08	 2.857e-56	 5.369e-08	 1.914e-57	 nan	 nan	 
5.559e+00	 9.656e-08	 -1.300e-52	 6.592e-08	 3.952e-56	 8.074e-08	 1.326e-55	 5.401e-08	 9.187e-57	 nan	 nan	 
5.623e+00	 9.720e-08	 -5.745e-52	 6.631e-08	 1.800e-55	 8.125e-08	 5.943e-55	 5.435e-08	 4.252e-56	 nan	 nan	 
5.688e+00	 9.779e-08	 -2.510e-51	 6.665e-08	 8.105e-55	 8.171e-08	 2.633e-54	 5.466e-08	 1.945e-55	 nan	 nan	 
5.754e+00	 9.843e-08	 -1.083e-50	 6.703e-08	 3.605e-54	 8.222e-08	 1.152e-53	 5.499e-08	 8.788e-55	 nan	 nan	 
5.821e+00	 9.910e-08	 -4.617e-50	 6.742e-08	 1.583e-53	 8.275e-08	 4.979e-53	 5.534e-08	 3.920e-54	 nan	 nan	 
5.888e+00	 9.975e-08	 -1.904e-49	 6.780e-08	 6.726e-53	 8.326e-08	 2.082e-52	 5.568e-08	 1.690e-53	 nan	 nan	 
5.957e+00	 1.005e-07	 -7.918e-49	 6.824e-08	 2.881e-52	 8.385e-08	 8.777e-52	 5.607e-08	 7.350e-53	 nan	 nan	 
6.026e+00	 1.011e-07	 -3.187e-48	 6.858e-08	 1.194e-51	 8.432e-08	 3.580e-51	 5.638e-08	 3.090e-52	 nan	 nan	 
6.095e+00	 1.018e-07	 -1.241e-47	 6.897e-08	 4.785e-51	 8.485e-08	 1.413e-50	 5.673e-08	 1.256e-51	 nan	 nan	 
6.166e+00	 1.026e-07	 -4.874e-47	 6.943e-08	 1.933e-50	 8.546e-08	 5.622e-50	 5.714e-08	 5.149e-51	 nan	 nan	 
6.237e+00	 1.032e-07	 -1.853e-46	 6.982e-08	 7.560e-50	 8.599e-08	 2.165e-49	 5.749e-08	 2.042e-50	 nan	 nan	 
6.310e+00	 1.040e-07	 -7.088e-46	 7.025e-08	 2.975e-49	 8.658e-08	 8.391e-49	 5.788e-08	 8.145e-50	 nan	 nan	 
6.383e+00	 1.047e-07	 -2.628e-45	 7.065e-08	 1.134e-48	 8.713e-08	 3.152e-48	 5.824e-08	 3.148e-49	 nan	 nan	 
6.457e+00	 1.055e-07	 -9.622e-45	 7.107e-08	 4.268e-48	 8.771e-08	 1.169e-47	 5.863e-08	 1.200e-48	 nan	 nan	 
6.531e+00	 1.062e-07	 -3.418e-44	 7.148e-08	 1.558e-47	 8.827e-08	 4.204e-47	 5.899e-08	 4.439e-48	 nan	 nan	 
6.607e+00	 1.068e-07	 -1.220e-43	 7.177e-08	 5.714e-47	 8.870e-08	 1.519e-46	 5.928e-08	 1.649e-47	 nan	 nan	 
6.683e+00	 1.075e-07	 -4.227e-43	 7.218e-08	 2.034e-46	 8.926e-08	 5.329e-46	 5.965e-08	 5.943e-47	 nan	 nan	 
6.761e+00	 1.080e-07	 -1.471e-42	 7.243e-08	 7.271e-46	 8.964e-08	 1.878e-45	 5.990e-08	 2.152e-46	 nan	 nan	 
6.839e+00	 1.090e-07	 -5.070e-42	 7.299e-08	 2.572e-45	 9.040e-08	 6.550e-45	 6.040e-08	 7.705e-46	 nan	 nan	 
6.918e+00	 1.104e-07	 -1.661e-41	 7.380e-08	 8.650e-45	 9.148e-08	 2.172e-44	 6.112e-08	 2.622e-45	 nan	 nan	 
6.998e+00	 1.107e-07	 -5.445e-41	 7.395e-08	 2.911e-44	 9.173e-08	 7.206e-44	 6.128e-08	 8.929e-45	 nan	 nan	 
7.080e+00	 1.113e-07	 -1.795e-40	 7.424e-08	 9.847e-44	 9.217e-08	 2.404e-43	 6.157e-08	 3.056e-44	 nan	 nan	 
7.161e+00	 1.119e-07	 -5.675e-40	 7.451e-08	 3.194e-43	 9.259e-08	 7.690e-43	 6.184e-08	 1.002e-43	 nan	 nan	 
7.244e+00	 1.125e-07	 -1.796e-39	 7.479e-08	 1.037e-42	 9.301e-08	 2.463e-42	 6.211e-08	 3.291e-43	 nan	 nan	 
7.328e+00	 1.130e-07	 -5.611e-39	 7.502e-08	 3.322e-42	 9.338e-08	 7.783e-42	 6.235e-08	 1.066e-42	 nan	 nan	 
7.413e+00	 1.134e-07	 -1.730e-38	 7.518e-08	 1.051e-41	 9.366e-08	 2.428e-41	 6.253e-08	 3.408e-42	 nan	 nan	 
7.499e+00	 1.139e-07	 -5.266e-38	 7.532e-08	 3.278e-41	 9.392e-08	 7.475e-41	 6.270e-08	 1.075e-41	 nan	 nan	 
7.586e+00	 1.141e-07	 -1.582e-37	 7.537e-08	 1.009e-40	 9.408e-08	 2.271e-40	 6.280e-08	 3.343e-41	 nan	 nan	 
7.674e+00	 1.141e-07	 -4.689e-37	 7.524e-08	 3.067e-40	 9.401e-08	 6.809e-40	 6.274e-08	 1.026e-40	 nan	 nan	 
7.762e+00	 1.140e-07	 -1.352e-36	 7.501e-08	 9.059e-40	 9.381e-08	 1.985e-39	 6.260e-08	 3.061e-40	 nan	 nan	 
7.852e+00	 1.131e-07	 -3.915e-36	 7.428e-08	 2.687e-39	 9.299e-08	 5.812e-39	 6.205e-08	 9.168e-40	 nan	 nan	 
7.943e+00	 1.118e-07	 -1.129e-35	 7.331e-08	 7.941e-39	 9.187e-08	 1.695e-38	 6.129e-08	 2.736e-39	 nan	 nan	 
8.035e+00	 1.104e-07	 -3.249e-35	 7.220e-08	 2.340e-38	 9.057e-08	 4.932e-38	 6.041e-08	 8.137e-39	 nan	 nan	 
8.128e+00	 1.086e-07	 -9.321e-35	 7.093e-08	 6.872e-38	 8.909e-08	 1.430e-37	 5.941e-08	 2.412e-38	 nan	 nan	 
8.222e+00	 1.068e-07	 -2.669e-34	 6.960e-08	 2.015e-37	 8.751e-08	 4.140e-37	 5.835e-08	 7.136e-38	 nan	 nan	 
8.318e+00	 1.053e-07	 -7.790e-34	 6.846e-08	 6.021e-37	 8.618e-08	 1.222e-36	 5.745e-08	 2.151e-37	 nan	 nan	 
8.414e+00	 1.052e-07	 -2.202e-33	 6.823e-08	 1.741e-36	 8.598e-08	 3.489e-36	 5.731e-08	 6.276e-37	 nan	 nan	 
8.511e+00	 1.060e-07	 -6.103e-33	 6.861e-08	 4.940e-36	 8.655e-08	 9.776e-36	 5.768e-08	 1.795e-36	 nan	 nan	 
8.610e+00	 1.059e-07	 -1.650e-32	 6.838e-08	 1.367e-35	 8.637e-08	 2.671e-35	 5.754e-08	 5.008e-36	 nan	 nan	 
8.710e+00	 1.026e-07	 -4.509e-32	 6.612e-08	 3.821e-35	 8.362e-08	 7.378e-35	 5.570e-08	 1.412e-35	 nan	 nan	 
8.811e+00	 1.013e-07	 -1.267e-31	 6.512e-08	 1.098e-34	 8.245e-08	 2.094e-34	 5.491e-08	 4.089e-35	 nan	 nan	 
8.913e+00	 1.034e-07	 -3.485e-31	 6.629e-08	 3.090e-34	 8.404e-08	 5.822e-34	 5.596e-08	 1.160e-34	 nan	 nan	 
9.016e+00	 1.067e-07	 -9.344e-31	 6.825e-08	 8.471e-34	 8.664e-08	 1.577e-33	 5.767e-08	 3.204e-34	 nan	 nan	 
9.120e+00	 1.114e-07	 -2.474e-30	 7.104e-08	 2.293e-33	 9.030e-08	 4.220e-33	 6.009e-08	 8.736e-34	 nan	 nan	 
9.226e+00	 1.187e-07	 -6.499e-30	 7.554e-08	 6.159e-33	 9.614e-08	 1.120e-32	 6.396e-08	 2.363e-33	 nan	 nan	 
9.333e+00	 1.292e-07	 -1.666e-29	 8.196e-08	 1.614e-32	 1.045e-07	 2.900e-32	 6.947e-08	 6.237e-33	 nan	 nan	 
9.441e+00	 1.423e-07	 -4.150e-29	 9.000e-08	 4.109e-32	 1.149e-07	 7.298e-32	 7.637e-08	 1.599e-32	 nan	 nan	 
9.550e+00	 1.570e-07	 -1.006e-28	 9.905e-08	 1.018e-31	 1.266e-07	 1.788e-31	 8.413e-08	 3.989e-32	 nan	 nan	 
9.660e+00	 1.730e-07	 -2.379e-28	 1.088e-07	 2.459e-31	 1.392e-07	 4.269e-31	 9.249e-08	 9.699e-32	 nan	 nan	 
9.772e+00	 1.898e-07	 -5.533e-28	 1.190e-07	 5.845e-31	 1.525e-07	 1.003e-30	 1.013e-07	 2.320e-31	 nan	 nan	 
9.885e+00	 2.070e-07	 -1.257e-27	 1.294e-07	 1.357e-30	 1.661e-07	 2.302e-30	 1.102e-07	 5.420e-31	 nan	 nan	 
1.000e+01	 2.241e-07	 -2.814e-27	 1.396e-07	 3.102e-30	 1.795e-07	 5.203e-30	 1.191e-07	 1.247e-30	 nan	 nan	 
1.012e+01	 2.406e-07	 -6.336e-27	 1.494e-07	 7.139e-30	 1.924e-07	 1.184e-29	 1.276e-07	 2.887e-30	 nan	 nan	 
1.023e+01	 2.553e-07	 -1.298e-26	 1.580e-07	 1.492e-29	 2.038e-07	 2.448e-29	 1.351e-07	 6.066e-30	 nan	 nan	 
1.035e+01	 2.689e-07	 -2.793e-26	 1.658e-07	 3.278e-29	 2.142e-07	 5.319e-29	 1.419e-07	 1.341e-29	 nan	 nan	 
1.047e+01	 2.818e-07	 -5.899e-26	 1.732e-07	 7.070e-29	 2.241e-07	 1.135e-28	 1.484e-07	 2.908e-29	 nan	 nan	 
1.059e+01	 2.942e-07	 -1.224e-25	 1.802e-07	 1.498e-28	 2.335e-07	 2.378e-28	 1.545e-07	 6.192e-29	 nan	 nan	 
1.072e+01	 3.072e-07	 -2.657e-25	 1.874e-07	 3.322e-28	 2.433e-07	 5.214e-28	 1.609e-07	 1.381e-28	 nan	 nan	 
1.084e+01	 3.198e-07	 -5.317e-25	 1.944e-07	 6.780e-28	 2.528e-07	 1.053e-27	 1.671e-07	 2.833e-28	 nan	 nan	 
1.097e+01	 3.332e-07	 -1.108e-24	 2.017e-07	 1.444e-27	 2.628e-07	 2.218e-27	 1.736e-07	 6.064e-28	 nan	 nan	 
1.109e+01	 3.461e-07	 -2.135e-24	 2.087e-07	 2.835e-27	 2.724e-07	 4.312e-27	 1.798e-07	 1.196e-27	 nan	 nan	 
1.122e+01	 3.595e-07	 -4.266e-24	 2.159e-07	 5.780e-27	 2.823e-07	 8.700e-27	 1.861e-07	 2.451e-27	 nan	 nan	 
1.135e+01	 3.720e-07	 -8.330e-24	 2.224e-07	 1.152e-26	 2.914e-07	 1.715e-26	 1.920e-07	 4.905e-27	 nan	 nan	 
1.148e+01	 3.831e-07	 -1.606e-23	 2.281e-07	 2.265e-26	 2.993e-07	 3.339e-26	 1.971e-07	 9.691e-27	 nan	 nan	 
1.161e+01	 3.943e-07	 -3.058e-23	 2.338e-07	 4.397e-26	 3.074e-07	 6.418e-26	 2.022e-07	 1.889e-26	 nan	 nan	 
1.175e+01	 4.067e-07	 -6.043e-23	 2.400e-07	 8.868e-26	 3.161e-07	 1.281e-25	 2.077e-07	 3.828e-26	 nan	 nan	 
1.189e+01	 4.197e-07	 -1.172e-22	 2.465e-07	 1.754e-25	 3.254e-07	 2.508e-25	 2.135e-07	 7.605e-26	 nan	 nan	 
1.202e+01	 4.313e-07	 -2.120e-22	 2.521e-07	 3.233e-25	 3.335e-07	 4.579e-25	 2.186e-07	 1.407e-25	 nan	 nan	 
1.216e+01	 4.431e-07	 -3.964e-22	 2.577e-07	 6.165e-25	 3.416e-07	 8.645e-25	 2.237e-07	 2.694e-25	 nan	 nan	 
1.230e+01	 4.535e-07	 -7.320e-22	 2.624e-07	 1.161e-24	 3.486e-07	 1.612e-24	 2.280e-07	 5.091e-25	 nan	 nan	 
1.244e+01	 4.629e-07	 -1.343e-21	 2.665e-07	 2.169e-24	 3.547e-07	 2.984e-24	 2.317e-07	 9.550e-25	 nan	 nan	 
1.259e+01	 4.732e-07	 -2.573e-21	 2.709e-07	 4.241e-24	 3.614e-07	 5.775e-24	 2.357e-07	 1.874e-24	 nan	 nan	 
1.273e+01	 4.838e-07	 -4.710e-21	 2.755e-07	 7.908e-24	 3.683e-07	 1.067e-23	 2.399e-07	 3.506e-24	 nan	 nan	 
1.288e+01	 4.983e-07	 -8.944e-21	 2.820e-07	 1.531e-23	 3.780e-07	 2.046e-23	 2.458e-07	 6.812e-24	 nan	 nan	 
1.303e+01	 5.153e-07	 -1.667e-20	 2.899e-07	 2.908e-23	 3.895e-07	 3.850e-23	 2.529e-07	 1.298e-23	 nan	 nan	 
1.318e+01	 5.331e-07	 -3.069e-20	 2.981e-07	 5.455e-23	 4.015e-07	 7.156e-23	 2.601e-07	 2.443e-23	 nan	 nan	 
1.334e+01	 5.552e-07	 -5.796e-20	 3.084e-07	 1.050e-22	 4.164e-07	 1.365e-22	 2.693e-07	 4.721e-23	 nan	 nan	 
1.349e+01	 5.768e-07	 -1.037e-19	 3.184e-07	 1.913e-22	 4.311e-07	 2.464e-22	 2.782e-07	 8.623e-23	 nan	 nan	 
1.365e+01	 6.018e-07	 -1.902e-19	 3.300e-07	 3.577e-22	 4.479e-07	 4.565e-22	 2.885e-07	 1.618e-22	 nan	 nan	 
1.380e+01	 6.264e-07	 -3.320e-19	 3.412e-07	 6.354e-22	 4.643e-07	 8.041e-22	 2.984e-07	 2.881e-22	 nan	 nan	 
1.396e+01	 6.548e-07	 -5.946e-19	 3.542e-07	 1.159e-21	 4.833e-07	 1.454e-21	 3.099e-07	 5.271e-22	 nan	 nan	 
1.412e+01	 6.856e-07	 -1.053e-18	 3.682e-07	 2.089e-21	 5.038e-07	 2.599e-21	 3.222e-07	 9.530e-22	 nan	 nan	 
1.429e+01	 7.210e-07	 -1.909e-18	 3.842e-07	 3.860e-21	 5.272e-07	 4.758e-21	 3.363e-07	 1.766e-21	 nan	 nan	 
1.445e+01	 7.568e-07	 -3.308e-18	 4.002e-07	 6.808e-21	 5.508e-07	 8.324e-21	 3.505e-07	 3.122e-21	 nan	 nan	 
1.462e+01	 7.983e-07	 -5.871e-18	 4.188e-07	 1.230e-20	 5.781e-07	 1.492e-20	 3.668e-07	 5.658e-21	 nan	 nan	 
1.479e+01	 8.439e-07	 -1.032e-17	 4.392e-07	 2.201e-20	 6.081e-07	 2.647e-20	 3.847e-07	 1.015e-20	 nan	 nan	 
1.496e+01	 8.945e-07	 -1.796e-17	 4.616e-07	 3.899e-20	 6.412e-07	 4.651e-20	 4.044e-07	 1.803e-20	 nan	 nan	 
1.514e+01	 9.546e-07	 -3.191e-17	 4.884e-07	 7.058e-20	 6.805e-07	 8.348e-20	 4.278e-07	 3.271e-20	 nan	 nan	 
1.531e+01	 1.019e-06	 -5.442e-17	 5.167e-07	 1.224e-19	 7.222e-07	 1.437e-19	 4.526e-07	 5.688e-20	 nan	 nan	 
1.549e+01	 1.096e-06	 -9.460e-17	 5.508e-07	 2.166e-19	 7.724e-07	 2.523e-19	 4.824e-07	 1.009e-19	 nan	 nan	 
1.567e+01	 1.183e-06	 -1.625e-16	 5.894e-07	 3.788e-19	 8.293e-07	 4.377e-19	 5.162e-07	 1.768e-19	 nan	 nan	 
1.585e+01	 1.284e-06	 -2.759e-16	 6.338e-07	 6.541e-19	 8.947e-07	 7.501e-19	 5.549e-07	 3.061e-19	 nan	 nan	 
1.603e+01	 1.399e-06	 -4.628e-16	 6.844e-07	 1.116e-18	 9.693e-07	 1.270e-18	 5.991e-07	 5.233e-19	 nan	 nan	 
1.622e+01	 1.539e-06	 -7.873e-16	 7.457e-07	 1.932e-18	 1.060e-06	 2.183e-18	 6.526e-07	 9.080e-19	 nan	 nan	 
1.641e+01	 1.701e-06	 -1.321e-15	 8.162e-07	 3.297e-18	 1.164e-06	 3.699e-18	 7.140e-07	 1.554e-18	 nan	 nan	 
1.660e+01	 1.889e-06	 -2.186e-15	 8.977e-07	 5.550e-18	 1.284e-06	 6.181e-18	 7.850e-07	 2.621e-18	 nan	 nan	 
1.679e+01	 2.106e-06	 -3.568e-15	 9.918e-07	 9.207e-18	 1.423e-06	 1.018e-17	 8.670e-07	 4.358e-18	 nan	 nan	 
1.698e+01	 2.358e-06	 -5.741e-15	 1.100e-06	 1.506e-17	 1.583e-06	 1.654e-17	 9.612e-07	 7.142e-18	 nan	 nan	 
1.718e+01	 2.662e-06	 -9.326e-15	 1.230e-06	 2.488e-17	 1.776e-06	 2.715e-17	 1.074e-06	 1.183e-17	 nan	 nan	 
1.738e+01	 3.013e-06	 -1.493e-14	 1.379e-06	 4.050e-17	 1.997e-06	 4.390e-17	 1.204e-06	 1.929e-17	 nan	 nan	 
1.758e+01	 3.418e-06	 -2.358e-14	 1.550e-06	 6.500e-17	 2.251e-06	 6.999e-17	 1.353e-06	 3.103e-17	 nan	 nan	 
1.778e+01	 3.885e-06	 -3.672e-14	 1.746e-06	 1.029e-16	 2.543e-06	 1.101e-16	 1.523e-06	 4.921e-17	 nan	 nan	 
1.799e+01	 4.446e-06	 -5.766e-14	 1.980e-06	 1.642e-16	 2.891e-06	 1.746e-16	 1.727e-06	 7.875e-17	 nan	 nan	 
1.820e+01	 5.095e-06	 -8.930e-14	 2.250e-06	 2.585e-16	 3.292e-06	 2.732e-16	 1.961e-06	 1.242e-16	 nan	 nan	 
1.841e+01	 5.843e-06	 -1.364e-13	 2.559e-06	 4.014e-16	 3.753e-06	 4.216e-16	 2.230e-06	 1.933e-16	 nan	 nan	 
1.862e+01	 6.703e-06	 -2.058e-13	 2.913e-06	 6.149e-16	 4.279e-06	 6.422e-16	 2.537e-06	 2.968e-16	 nan	 nan	 
1.884e+01	 7.734e-06	 -3.125e-13	 3.334e-06	 9.489e-16	 4.906e-06	 9.852e-16	 2.904e-06	 4.590e-16	 nan	 nan	 
1.906e+01	 8.917e-06	 -4.682e-13	 3.816e-06	 1.444e-15	 5.623e-06	 1.491e-15	 3.322e-06	 7.002e-16	 nan	 nan	 
1.927e+01	 1.022e-05	 -6.804e-13	 4.344e-06	 2.130e-15	 6.408e-06	 2.188e-15	 3.781e-06	 1.035e-15	 nan	 nan	 
1.950e+01	 1.182e-05	 -1.014e-12	 4.992e-06	 3.226e-15	 7.369e-06	 3.295e-15	 4.344e-06	 1.571e-15	 nan	 nan	 
1.972e+01	 1.358e-05	 -1.467e-12	 5.701e-06	 4.740e-15	 8.420e-06	 4.816e-15	 4.960e-06	 2.313e-15	 nan	 nan	 
1.995e+01	 1.565e-05	 -2.140e-12	 6.534e-06	 7.018e-15	 9.653e-06	 7.095e-15	 5.684e-06	 3.433e-15	 nan	 nan	 
2.018e+01	 1.802e-05	 -3.098e-12	 7.483e-06	 1.032e-14	 1.105e-05	 1.038e-14	 6.510e-06	 5.059e-15	 nan	 nan	 
2.042e+01	 2.085e-05	 -4.522e-12	 8.616e-06	 1.529e-14	 1.272e-05	 1.531e-14	 7.495e-06	 7.517e-15	 nan	 nan	 
2.065e+01	 2.397e-05	 -6.436e-12	 9.864e-06	 2.209e-14	 1.456e-05	 2.201e-14	 8.580e-06	 1.088e-14	 nan	 nan	 
2.089e+01	 2.771e-05	 -9.234e-12	 1.136e-05	 3.217e-14	 1.674e-05	 3.191e-14	 9.877e-06	 1.589e-14	 nan	 nan	 
2.114e+01	 3.220e-05	 -1.334e-11	 1.315e-05	 4.719e-14	 1.936e-05	 4.660e-14	 1.143e-05	 2.337e-14	 nan	 nan	 
2.138e+01	 3.716e-05	 -1.879e-11	 1.513e-05	 6.744e-14	 2.224e-05	 6.632e-14	 1.316e-05	 3.348e-14	 nan	 nan	 
2.163e+01	 4.312e-05	 -2.662e-11	 1.751e-05	 9.698e-14	 2.569e-05	 9.497e-14	 1.523e-05	 4.827e-14	 nan	 nan	 
2.188e+01	 5.001e-05	 -3.736e-11	 2.026e-05	 1.381e-13	 2.966e-05	 1.347e-13	 1.762e-05	 6.890e-14	 nan	 nan	 
2.213e+01	 5.789e-05	 -5.190e-11	 2.342e-05	 1.945e-13	 3.419e-05	 1.890e-13	 2.036e-05	 9.734e-14	 nan	 nan	 
2.239e+01	 6.729e-05	 -7.233e-11	 2.718e-05	 2.751e-13	 3.957e-05	 2.663e-13	 2.362e-05	 1.380e-13	 nan	 nan	 
2.265e+01	 7.804e-05	 -9.988e-11	 3.149e-05	 3.854e-13	 4.571e-05	 3.717e-13	 2.737e-05	 1.939e-13	 nan	 nan	 
2.291e+01	 9.031e-05	 -1.366e-10	 3.642e-05	 5.344e-13	 5.269e-05	 5.137e-13	 3.164e-05	 2.697e-13	 nan	 nan	 
2.317e+01	 1.043e-04	 -1.850e-10	 4.203e-05	 7.339e-13	 6.060e-05	 7.033e-13	 3.651e-05	 3.714e-13	 nan	 nan	 
2.344e+01	 1.208e-04	 -2.520e-10	 4.868e-05	 1.014e-12	 6.992e-05	 9.685e-13	 4.227e-05	 5.147e-13	 nan	 nan	 
2.371e+01	 1.395e-04	 -3.403e-10	 5.626e-05	 1.388e-12	 8.049e-05	 1.322e-12	 4.883e-05	 7.068e-13	 nan	 nan	 
2.399e+01	 1.616e-04	 -4.617e-10	 6.521e-05	 1.909e-12	 9.289e-05	 1.813e-12	 5.657e-05	 9.756e-13	 nan	 nan	 
2.427e+01	 1.868e-04	 -6.214e-10	 7.546e-05	 2.606e-12	 1.070e-04	 2.468e-12	 6.542e-05	 1.336e-12	 nan	 nan	 
2.455e+01	 2.155e-04	 -8.304e-10	 8.713e-05	 3.529e-12	 1.230e-04	 3.334e-12	 7.548e-05	 1.815e-12	 nan	 nan	 
2.483e+01	 2.479e-04	 -1.101e-09	 1.004e-04	 4.741e-12	 1.410e-04	 4.469e-12	 8.689e-05	 2.447e-12	 nan	 nan	 
2.512e+01	 2.860e-04	 -1.465e-09	 1.160e-04	 6.394e-12	 1.621e-04	 6.013e-12	 1.003e-04	 3.312e-12	 nan	 nan	 
2.541e+01	 3.292e-04	 -1.937e-09	 1.338e-04	 8.564e-12	 1.860e-04	 8.037e-12	 1.156e-04	 4.453e-12	 nan	 nan	 
2.570e+01	 3.780e-04	 -2.542e-09	 1.540e-04	 1.139e-11	 2.129e-04	 1.066e-11	 1.329e-04	 5.942e-12	 nan	 nan	 
2.600e+01	 4.351e-04	 -3.345e-09	 1.777e-04	 1.518e-11	 2.442e-04	 1.419e-11	 1.531e-04	 7.955e-12	 nan	 nan	 
2.630e+01	 4.996e-04	 -4.372e-09	 2.046e-04	 2.010e-11	 2.796e-04	 1.876e-11	 1.760e-04	 1.057e-11	 nan	 nan	 
2.661e+01	 5.750e-04	 -5.726e-09	 2.362e-04	 2.667e-11	 3.208e-04	 2.485e-11	 2.028e-04	 1.409e-11	 nan	 nan	 
2.692e+01	 6.601e-04	 -7.455e-09	 2.719e-04	 3.517e-11	 3.671e-04	 3.273e-11	 2.331e-04	 1.866e-11	 nan	 nan	 
2.723e+01	 7.559e-04	 -9.627e-09	 3.124e-04	 4.599e-11	 4.191e-04	 4.274e-11	 2.673e-04	 2.450e-11	 nan	 nan	 
2.754e+01	 8.635e-04	 -1.236e-08	 3.580e-04	 5.977e-11	 4.773e-04	 5.549e-11	 3.058e-04	 3.199e-11	 nan	 nan	 
2.786e+01	 9.881e-04	 -1.590e-08	 4.111e-04	 7.784e-11	 5.445e-04	 7.220e-11	 3.503e-04	 4.185e-11	 nan	 nan	 
2.818e+01	 1.128e-03	 -2.031e-08	 4.710e-04	 1.007e-10	 6.197e-04	 9.331e-11	 4.004e-04	 5.439e-11	 nan	 nan	 
2.851e+01	 1.290e-03	 -2.600e-08	 5.407e-04	 1.305e-10	 7.065e-04	 1.209e-10	 4.584e-04	 7.085e-11	 nan	 nan	 
2.884e+01	 1.471e-03	 -3.307e-08	 6.191e-04	 1.680e-10	 8.035e-04	 1.555e-10	 5.234e-04	 9.166e-11	 nan	 nan	 
2.917e+01	 1.673e-03	 -4.181e-08	 7.071e-04	 2.149e-10	 9.113e-04	 1.988e-10	 5.960e-04	 1.179e-10	 nan	 nan	 
2.951e+01	 1.906e-03	 -5.290e-08	 8.089e-04	 2.751e-10	 1.035e-03	 2.546e-10	 6.797e-04	 1.518e-10	 nan	 nan	 
2.985e+01	 2.166e-03	 -6.657e-08	 9.232e-04	 3.503e-10	 1.173e-03	 3.241e-10	 7.732e-04	 1.943e-10	 nan	 nan	 
3.020e+01	 2.464e-03	 -8.387e-08	 1.055e-03	 4.466e-10	 1.331e-03	 4.132e-10	 8.805e-04	 2.491e-10	 nan	 nan	 
3.055e+01	 2.795e-03	 -1.050e-07	 1.203e-03	 5.655e-10	 1.505e-03	 5.233e-10	 9.999e-04	 3.173e-10	 nan	 nan	 
3.090e+01	 3.165e-03	 -1.306e-07	 1.368e-03	 7.116e-10	 1.700e-03	 6.586e-10	 1.133e-03	 4.017e-10	 nan	 nan	 
3.126e+01	 3.585e-03	 -1.627e-07	 1.557e-03	 8.965e-10	 1.920e-03	 8.301e-10	 1.284e-03	 5.092e-10	 nan	 nan	 
3.162e+01	 4.052e-03	 -2.015e-07	 1.768e-03	 1.123e-09	 2.164e-03	 1.040e-09	 1.452e-03	 6.418e-10	 nan	 nan	 
3.199e+01	 4.583e-03	 -2.497e-07	 2.010e-03	 1.408e-09	 2.441e-03	 1.305e-09	 1.644e-03	 8.099e-10	 nan	 nan	 
3.236e+01	 5.172e-03	 -3.075e-07	 2.279e-03	 1.752e-09	 2.747e-03	 1.626e-09	 1.855e-03	 1.015e-09	 nan	 nan	 
3.273e+01	 5.821e-03	 -3.768e-07	 2.578e-03	 2.171e-09	 3.084e-03	 2.016e-09	 2.088e-03	 1.266e-09	 nan	 nan	 
3.311e+01	 6.557e-03	 -4.623e-07	 2.919e-03	 2.693e-09	 3.465e-03	 2.504e-09	 2.353e-03	 1.582e-09	 nan	 nan	 
3.350e+01	 7.389e-03	 -5.668e-07	 3.307e-03	 3.338e-09	 3.894e-03	 3.108e-09	 2.651e-03	 1.975e-09	 nan	 nan	 
3.388e+01	 8.283e-03	 -6.871e-07	 3.727e-03	 4.089e-09	 4.354e-03	 3.812e-09	 2.971e-03	 2.438e-09	 nan	 nan	 
3.428e+01	 9.316e-03	 -8.385e-07	 4.214e-03	 5.044e-09	 4.884e-03	 4.710e-09	 3.340e-03	 3.031e-09	 nan	 nan	 
3.467e+01	 1.042e-02	 -1.012e-06	 4.740e-03	 6.152e-09	 5.451e-03	 5.753e-09	 3.736e-03	 3.725e-09	 nan	 nan	 
3.508e+01	 1.170e-02	 -1.228e-06	 5.350e-03	 7.544e-09	 6.102e-03	 7.067e-09	 4.190e-03	 4.606e-09	 nan	 nan	 
3.548e+01	 1.306e-02	 -1.475e-06	 6.007e-03	 9.154e-09	 6.797e-03	 8.590e-09	 4.676e-03	 5.634e-09	 nan	 nan	 
3.589e+01	 1.459e-02	 -1.772e-06	 6.746e-03	 1.111e-08	 7.573e-03	 1.045e-08	 5.217e-03	 6.897e-09	 nan	 nan	 
3.631e+01	 1.630e-02	 -2.129e-06	 7.580e-03	 1.349e-08	 8.441e-03	 1.271e-08	 5.823e-03	 8.445e-09	 nan	 nan	 
3.673e+01	 1.818e-02	 -2.543e-06	 8.499e-03	 1.627e-08	 9.388e-03	 1.536e-08	 6.484e-03	 1.028e-08	 nan	 nan	 
3.715e+01	 2.021e-02	 -3.025e-06	 9.502e-03	 1.955e-08	 1.041e-02	 1.850e-08	 7.198e-03	 1.246e-08	 nan	 nan	 
3.758e+01	 2.248e-02	 -3.598e-06	 1.063e-02	 2.347e-08	 1.156e-02	 2.227e-08	 7.995e-03	 1.510e-08	 nan	 nan	 
3.802e+01	 2.501e-02	 -4.275e-06	 1.189e-02	 2.817e-08	 1.283e-02	 2.679e-08	 8.878e-03	 1.830e-08	 nan	 nan	 
3.846e+01	 2.775e-02	 -5.058e-06	 1.328e-02	 3.365e-08	 1.420e-02	 3.209e-08	 9.833e-03	 2.207e-08	 nan	 nan	 
3.890e+01	 3.073e-02	 -5.957e-06	 1.478e-02	 4.001e-08	 1.569e-02	 3.826e-08	 1.086e-02	 2.650e-08	 nan	 nan	 
3.935e+01	 3.403e-02	 -7.013e-06	 1.647e-02	 4.755e-08	 1.734e-02	 4.559e-08	 1.201e-02	 3.181e-08	 nan	 nan	 
3.981e+01	 3.768e-02	 -8.252e-06	 1.834e-02	 5.648e-08	 1.916e-02	 5.432e-08	 1.326e-02	 3.818e-08	 nan	 nan	 
4.027e+01	 4.163e-02	 -9.672e-06	 2.038e-02	 6.681e-08	 2.112e-02	 6.445e-08	 1.461e-02	 4.565e-08	 nan	 nan	 
4.074e+01	 4.599e-02	 -1.131e-05	 2.265e-02	 7.889e-08	 2.328e-02	 7.633e-08	 1.610e-02	 5.448e-08	 nan	 nan	 
4.121e+01	 5.069e-02	 -1.319e-05	 2.511e-02	 9.283e-08	 2.561e-02	 9.011e-08	 1.769e-02	 6.481e-08	 nan	 nan	 
4.169e+01	 5.585e-02	 -1.538e-05	 2.784e-02	 1.092e-07	 2.817e-02	 1.063e-07	 1.944e-02	 7.708e-08	 nan	 nan	 
4.217e+01	 6.142e-02	 -1.783e-05	 3.079e-02	 1.277e-07	 3.092e-02	 1.248e-07	 2.131e-02	 9.118e-08	 nan	 nan	 
4.266e+01	 6.754e-02	 -2.066e-05	 3.406e-02	 1.493e-07	 3.393e-02	 1.464e-07	 2.335e-02	 1.078e-07	 nan	 nan	 
4.315e+01	 7.408e-02	 -2.385e-05	 3.758e-02	 1.739e-07	 3.716e-02	 1.711e-07	 2.552e-02	 1.270e-07	 nan	 nan	 
4.365e+01	 8.127e-02	 -2.752e-05	 4.147e-02	 2.023e-07	 4.069e-02	 1.998e-07	 2.790e-02	 1.496e-07	 nan	 nan	 
4.416e+01	 8.909e-02	 -3.172e-05	 4.574e-02	 2.353e-07	 4.454e-02	 2.332e-07	 3.047e-02	 1.761e-07	 nan	 nan	 
4.467e+01	 9.749e-02	 -3.644e-05	 5.034e-02	 2.725e-07	 4.865e-02	 2.712e-07	 3.321e-02	 2.065e-07	 nan	 nan	 
4.519e+01	 1.066e-01	 -4.176e-05	 5.539e-02	 3.150e-07	 5.314e-02	 3.147e-07	 3.617e-02	 2.416e-07	 nan	 nan	 
4.571e+01	 1.164e-01	 -4.773e-05	 6.081e-02	 3.630e-07	 5.791e-02	 3.641e-07	 3.932e-02	 2.820e-07	 nan	 nan	 
4.624e+01	 1.270e-01	 -5.451e-05	 6.675e-02	 4.180e-07	 6.310e-02	 4.209e-07	 4.271e-02	 3.289e-07	 nan	 nan	 
4.677e+01	 1.382e-01	 -6.201e-05	 7.310e-02	 4.793e-07	 6.861e-02	 4.846e-07	 4.630e-02	 3.820e-07	 nan	 nan	 
4.731e+01	 1.505e-01	 -7.047e-05	 8.005e-02	 5.492e-07	 7.460e-02	 5.575e-07	 5.017e-02	 4.434e-07	 nan	 nan	 
4.786e+01	 1.637e-01	 -8.000e-05	 8.760e-02	 6.284e-07	 8.106e-02	 6.407e-07	 5.432e-02	 5.142e-07	 nan	 nan	 
4.842e+01	 1.781e-01	 -9.065e-05	 9.584e-02	 7.178e-07	 8.805e-02	 7.349e-07	 5.879e-02	 5.953e-07	 nan	 nan	 
4.898e+01	 1.932e-01	 -1.026e-04	 1.046e-01	 8.185e-07	 9.546e-02	 8.416e-07	 6.348e-02	 6.880e-07	 nan	 nan	 
4.954e+01	 2.093e-01	 -1.154e-04	 1.140e-01	 9.283e-07	 1.033e-01	 9.587e-07	 6.843e-02	 7.909e-07	 nan	 nan	 
5.012e+01	 2.270e-01	 -1.302e-04	 1.243e-01	 1.055e-06	 1.119e-01	 1.094e-06	 7.382e-02	 9.113e-07	 nan	 nan	 
5.070e+01	 2.456e-01	 -1.463e-04	 1.353e-01	 1.195e-06	 1.210e-01	 1.245e-06	 7.946e-02	 1.047e-06	 nan	 nan	 
5.129e+01	 2.656e-01	 -1.643e-04	 1.472e-01	 1.351e-06	 1.308e-01	 1.414e-06	 8.547e-02	 1.201e-06	 nan	 nan	 
5.188e+01	 2.867e-01	 -1.838e-04	 1.598e-01	 1.523e-06	 1.411e-01	 1.601e-06	 9.178e-02	 1.373e-06	 nan	 nan	 
5.248e+01	 3.093e-01	 -2.054e-04	 1.734e-01	 1.715e-06	 1.521e-01	 1.811e-06	 9.847e-02	 1.567e-06	 nan	 nan	 
5.309e+01	 3.335e-01	 -2.292e-04	 1.881e-01	 1.928e-06	 1.639e-01	 2.046e-06	 1.056e-01	 1.788e-06	 nan	 nan	 
5.370e+01	 3.589e-01	 -2.552e-04	 2.036e-01	 2.161e-06	 1.764e-01	 2.304e-06	 1.130e-01	 2.033e-06	 nan	 nan	 
5.433e+01	 3.864e-01	 -2.843e-04	 2.205e-01	 2.425e-06	 1.898e-01	 2.598e-06	 1.210e-01	 2.316e-06	 nan	 nan	 
5.495e+01	 4.148e-01	 -3.151e-04	 2.380e-01	 2.706e-06	 2.038e-01	 2.913e-06	 1.292e-01	 2.622e-06	 nan	 nan	 
5.559e+01	 4.456e-01	 -3.494e-04	 2.571e-01	 3.022e-06	 2.189e-01	 3.269e-06	 1.380e-01	 2.973e-06	 nan	 nan	 
5.623e+01	 4.778e-01	 -3.863e-04	 2.773e-01	 3.364e-06	 2.347e-01	 3.656e-06	 1.471e-01	 3.358e-06	 nan	 nan	 
5.688e+01	 5.120e-01	 -4.268e-04	 2.988e-01	 3.742e-06	 2.515e-01	 4.086e-06	 1.567e-01	 3.791e-06	 nan	 nan	 
5.754e+01	 5.483e-01	 -4.707e-04	 3.219e-01	 4.154e-06	 2.694e-01	 4.559e-06	 1.668e-01	 4.273e-06	 nan	 nan	 
5.821e+01	 5.867e-01	 -5.187e-04	 3.463e-01	 4.609e-06	 2.883e-01	 5.083e-06	 1.775e-01	 4.813e-06	 nan	 nan	 
5.888e+01	 6.268e-01	 -5.699e-04	 3.720e-01	 5.097e-06	 3.081e-01	 5.649e-06	 1.885e-01	 5.404e-06	 nan	 nan	 
5.957e+01	 6.697e-01	 -6.265e-04	 3.998e-01	 5.640e-06	 3.294e-01	 6.282e-06	 2.002e-01	 6.072e-06	 nan	 nan	 
6.026e+01	 7.143e-01	 -6.870e-04	 4.288e-01	 6.225e-06	 3.515e-01	 6.968e-06	 2.123e-01	 6.805e-06	 nan	 nan	 
6.095e+01	 7.608e-01	 -7.507e-04	 4.592e-01	 6.845e-06	 3.747e-01	 7.700e-06	 2.249e-01	 7.598e-06	 nan	 nan	 
6.166e+01	 8.103e-01	 -8.212e-04	 4.917e-01	 7.535e-06	 3.993e-01	 8.519e-06	 2.381e-01	 8.494e-06	 nan	 nan	 
6.237e+01	 8.618e-01	 -8.950e-04	 5.259e-01	 8.263e-06	 4.251e-01	 9.389e-06	 2.518e-01	 9.458e-06	 nan	 nan	 
6.310e+01	 9.166e-01	 -9.765e-04	 5.623e-01	 9.071e-06	 4.525e-01	 1.036e-05	 2.662e-01	 1.055e-05	 nan	 nan	 
6.383e+01	 9.733e-01	 -1.062e-03	 6.004e-01	 9.928e-06	 4.810e-01	 1.140e-05	 2.810e-01	 1.172e-05	 nan	 nan	 
6.457e+01	 1.033e+00	 -1.155e-03	 6.404e-01	 1.086e-05	 5.110e-01	 1.253e-05	 2.965e-01	 1.302e-05	 nan	 nan	 
6.531e+01	 1.094e+00	 -1.252e-03	 6.821e-01	 1.184e-05	 5.420e-01	 1.372e-05	 3.124e-01	 1.441e-05	 nan	 nan	 
6.607e+01	 1.159e+00	 -1.357e-03	 7.264e-01	 1.291e-05	 5.749e-01	 1.505e-05	 3.290e-01	 1.597e-05	 nan	 nan	 
6.683e+01	 1.226e+00	 -1.467e-03	 7.725e-01	 1.404e-05	 6.091e-01	 1.644e-05	 3.461e-01	 1.763e-05	 nan	 nan	 
6.761e+01	 1.297e+00	 -1.587e-03	 8.214e-01	 1.527e-05	 6.453e-01	 1.798e-05	 3.641e-01	 1.949e-05	 nan	 nan	 
6.839e+01	 1.370e+00	 -1.712e-03	 8.720e-01	 1.657e-05	 6.826e-01	 1.961e-05	 3.824e-01	 2.147e-05	 nan	 nan	 
6.918e+01	 1.446e+00	 -1.845e-03	 9.251e-01	 1.796e-05	 7.216e-01	 2.135e-05	 4.014e-01	 2.363e-05	 nan	 nan	 
6.998e+01	 1.525e+00	 -1.985e-03	 9.806e-01	 1.943e-05	 7.623e-01	 2.322e-05	 4.210e-01	 2.597e-05	 nan	 nan	 
7.079e+01	 1.607e+00	 -2.133e-03	 1.039e+00	 2.100e-05	 8.049e-01	 2.523e-05	 4.414e-01	 2.850e-05	 nan	 nan	 
7.161e+01	 1.692e+00	 -2.291e-03	 1.099e+00	 2.268e-05	 8.491e-01	 2.738e-05	 4.623e-01	 3.126e-05	 nan	 nan	 
7.244e+01	 1.780e+00	 -2.456e-03	 1.162e+00	 2.444e-05	 8.951e-01	 2.967e-05	 4.838e-01	 3.421e-05	 nan	 nan	 
7.328e+01	 1.871e+00	 -2.632e-03	 1.228e+00	 2.633e-05	 9.430e-01	 3.212e-05	 5.060e-01	 3.743e-05	 nan	 nan	 
7.413e+01	 1.965e+00	 -2.816e-03	 1.296e+00	 2.832e-05	 9.926e-01	 3.472e-05	 5.288e-01	 4.089e-05	 nan	 nan	 
7.499e+01	 2.063e+00	 -3.007e-03	 1.367e+00	 3.040e-05	 1.044e+00	 3.746e-05	 5.524e-01	 4.457e-05	 nan	 nan	 
7.586e+01	 2.164e+00	 -3.209e-03	 1.441e+00	 3.262e-05	 1.098e+00	 4.040e-05	 5.764e-01	 4.856e-05	 nan	 nan	 
7.674e+01	 2.267e+00	 -3.421e-03	 1.517e+00	 3.495e-05	 1.153e+00	 4.351e-05	 6.012e-01	 5.284e-05	 nan	 nan	 
7.762e+01	 2.373e+00	 -3.641e-03	 1.595e+00	 3.738e-05	 1.210e+00	 4.677e-05	 6.263e-01	 5.738e-05	 nan	 nan	 
7.852e+01	 2.483e+00	 -3.871e-03	 1.677e+00	 3.995e-05	 1.269e+00	 5.023e-05	 6.523e-01	 6.226e-05	 nan	 nan	 
7.943e+01	 2.596e+00	 -4.111e-03	 1.762e+00	 4.264e-05	 1.331e+00	 5.389e-05	 6.789e-01	 6.747e-05	 nan	 nan	 
8.035e+01	 2.712e+00	 -4.364e-03	 1.849e+00	 4.548e-05	 1.394e+00	 5.777e-05	 7.060e-01	 7.307e-05	 nan	 nan	 
8.128e+01	 2.831e+00	 -4.622e-03	 1.939e+00	 4.840e-05	 1.459e+00	 6.180e-05	 7.340e-01	 7.895e-05	 nan	 nan	 
8.222e+01	 2.953e+00	 -4.894e-03	 2.032e+00	 5.150e-05	 1.526e+00	 6.608e-05	 7.623e-01	 8.528e-05	 nan	 nan	 
8.318e+01	 3.079e+00	 -5.175e-03	 2.128e+00	 5.473e-05	 1.596e+00	 7.058e-05	 7.916e-01	 9.201e-05	 nan	 nan	 
8.414e+01	 3.207e+00	 -5.466e-03	 2.226e+00	 5.808e-05	 1.667e+00	 7.527e-05	 8.211e-01	 9.911e-05	 nan	 nan	 
8.511e+01	 3.338e+00	 -5.766e-03	 2.327e+00	 6.155e-05	 1.740e+00	 8.016e-05	 8.512e-01	 1.066e-04	 nan	 nan	 
8.610e+01	 3.473e+00	 -6.079e-03	 2.432e+00	 6.520e-05	 1.816e+00	 8.535e-05	 8.822e-01	 1.146e-04	 nan	 nan	 
8.710e+01	 3.610e+00	 -6.402e-03	 2.539e+00	 6.898e-05	 1.894e+00	 9.075e-05	 9.135e-01	 1.231e-04	 nan	 nan	 
8.811e+01	 3.750e+00	 -6.733e-03	 2.649e+00	 7.289e-05	 1.974e+00	 9.636e-05	 9.456e-01	 1.320e-04	 nan	 nan	 
8.912e+01	 3.891e+00	 -7.070e-03	 2.760e+00	 7.687e-05	 2.055e+00	 1.021e-04	 9.778e-01	 1.413e-04	 nan	 nan	 
9.016e+01	 4.037e+00	 -7.429e-03	 2.876e+00	 8.115e-05	 2.139e+00	 1.084e-04	 1.011e+00	 1.514e-04	 nan	 nan	 
9.120e+01	 4.184e+00	 -7.785e-03	 2.993e+00	 8.542e-05	 2.224e+00	 1.146e-04	 1.044e+00	 1.617e-04	 nan	 nan	 
9.226e+01	 4.336e+00	 -8.155e-03	 3.114e+00	 8.987e-05	 2.312e+00	 1.212e-04	 1.079e+00	 1.726e-04	 nan	 nan	 
9.332e+01	 4.487e+00	 -8.533e-03	 3.236e+00	 9.445e-05	 2.401e+00	 1.280e-04	 1.113e+00	 1.841e-04	 nan	 nan	 
9.441e+01	 4.645e+00	 -8.923e-03	 3.363e+00	 9.921e-05	 2.494e+00	 1.351e-04	 1.148e+00	 1.962e-04	 nan	 nan	 
9.550e+01	 4.802e+00	 -9.320e-03	 3.490e+00	 1.041e-04	 2.587e+00	 1.424e-04	 1.184e+00	 2.088e-04	 nan	 nan	 
9.661e+01	 4.962e+00	 -9.730e-03	 3.621e+00	 1.091e-04	 2.683e+00	 1.500e-04	 1.220e+00	 2.221e-04	 nan	 nan	 
9.772e+01	 5.124e+00	 -1.013e-02	 3.753e+00	 1.141e-04	 2.780e+00	 1.577e-04	 1.256e+00	 2.356e-04	 nan	 nan	 
9.886e+01	 5.290e+00	 -1.056e-02	 3.889e+00	 1.194e-04	 2.880e+00	 1.658e-04	 1.293e+00	 2.502e-04	 nan	 nan	 
1.000e+02	 5.455e+00	 -1.099e-02	 4.026e+00	 1.248e-04	 2.981e+00	 1.741e-04	 1.330e+00	 2.651e-04	 nan	 nan	 
1.012e+02	 5.630e+00	 -1.145e-02	 4.171e+00	 1.306e-04	 3.087e+00	 1.831e-04	 1.369e+00	 2.815e-04	 nan	 nan	 
1.023e+02	 5.790e+00	 -1.184e-02	 4.304e+00	 1.356e-04	 3.186e+00	 1.910e-04	 1.405e+00	 2.963e-04	 nan	 nan	 
1.035e+02	 5.964e+00	 -1.230e-02	 4.450e+00	 1.414e-04	 3.294e+00	 2.002e-04	 1.444e+00	 3.134e-04	 nan	 nan	 
1.047e+02	 6.138e+00	 -1.275e-02	 4.596e+00	 1.472e-04	 3.402e+00	 2.094e-04	 1.483e+00	 3.309e-04	 nan	 nan	 
1.059e+02	 6.312e+00	 -1.320e-02	 4.743e+00	 1.530e-04	 3.511e+00	 2.186e-04	 1.521e+00	 3.487e-04	 nan	 nan	 
1.072e+02	 6.499e+00	 -1.370e-02	 4.902e+00	 1.595e-04	 3.629e+00	 2.291e-04	 1.563e+00	 3.690e-04	 nan	 nan	 
1.084e+02	 6.672e+00	 -1.414e-02	 5.048e+00	 1.652e-04	 3.738e+00	 2.384e-04	 1.601e+00	 3.874e-04	 nan	 nan	 
1.097e+02	 6.858e+00	 -1.464e-02	 5.207e+00	 1.718e-04	 3.857e+00	 2.491e-04	 1.643e+00	 4.086e-04	 nan	 nan	 
1.109e+02	 7.029e+00	 -1.506e-02	 5.354e+00	 1.774e-04	 3.967e+00	 2.584e-04	 1.681e+00	 4.275e-04	 nan	 nan	 
1.122e+02	 7.213e+00	 -1.554e-02	 5.512e+00	 1.837e-04	 4.086e+00	 2.689e-04	 1.722e+00	 4.490e-04	 nan	 nan	 
1.135e+02	 7.396e+00	 -1.600e-02	 5.670e+00	 1.900e-04	 4.204e+00	 2.794e-04	 1.763e+00	 4.707e-04	 nan	 nan	 
1.148e+02	 7.578e+00	 -1.647e-02	 5.828e+00	 1.963e-04	 4.324e+00	 2.900e-04	 1.803e+00	 4.930e-04	 nan	 nan	 
1.161e+02	 7.758e+00	 -1.692e-02	 5.984e+00	 2.023e-04	 4.442e+00	 3.004e-04	 1.843e+00	 5.150e-04	 nan	 nan	 
1.175e+02	 7.950e+00	 -1.743e-02	 6.153e+00	 2.093e-04	 4.570e+00	 3.122e-04	 1.886e+00	 5.403e-04	 nan	 nan	 
1.188e+02	 8.129e+00	 -1.785e-02	 6.309e+00	 2.152e-04	 4.688e+00	 3.224e-04	 1.926e+00	 5.627e-04	 nan	 nan	 
1.202e+02	 8.318e+00	 -1.834e-02	 6.476e+00	 2.218e-04	 4.815e+00	 3.340e-04	 1.968e+00	 5.883e-04	 nan	 nan	 
1.216e+02	 8.506e+00	 -1.879e-02	 6.641e+00	 2.282e-04	 4.941e+00	 3.452e-04	 2.010e+00	 6.134e-04	 nan	 nan	 
1.230e+02	 8.692e+00	 -1.925e-02	 6.806e+00	 2.347e-04	 5.068e+00	 3.566e-04	 2.052e+00	 6.393e-04	 nan	 nan	 
1.244e+02	 8.877e+00	 -1.969e-02	 6.971e+00	 2.409e-04	 5.194e+00	 3.677e-04	 2.093e+00	 6.649e-04	 nan	 nan	 
1.259e+02	 9.072e+00	 -2.017e-02	 7.145e+00	 2.476e-04	 5.328e+00	 3.799e-04	 2.137e+00	 6.931e-04	 nan	 nan	 
1.273e+02	 9.252e+00	 -2.058e-02	 7.306e+00	 2.535e-04	 5.452e+00	 3.907e-04	 2.177e+00	 7.188e-04	 nan	 nan	 
1.288e+02	 9.443e+00	 -2.103e-02	 7.477e+00	 2.600e-04	 5.584e+00	 4.026e-04	 2.220e+00	 7.473e-04	 nan	 nan	 
1.303e+02	 9.631e+00	 -2.146e-02	 7.646e+00	 2.664e-04	 5.715e+00	 4.143e-04	 2.262e+00	 7.757e-04	 nan	 nan	 
1.318e+02	 9.818e+00	 -2.186e-02	 7.816e+00	 2.723e-04	 5.847e+00	 4.255e-04	 2.304e+00	 8.035e-04	 nan	 nan	 
1.334e+02	 1.001e+01	 -2.232e-02	 7.994e+00	 2.790e-04	 5.985e+00	 4.381e-04	 2.348e+00	 8.346e-04	 nan	 nan	 
1.349e+02	 1.020e+01	 -2.269e-02	 8.158e+00	 2.846e-04	 6.113e+00	 4.489e-04	 2.389e+00	 8.625e-04	 nan	 nan	 
1.365e+02	 1.039e+01	 -2.310e-02	 8.333e+00	 2.908e-04	 6.250e+00	 4.608e-04	 2.432e+00	 8.931e-04	 nan	 nan	 
1.380e+02	 1.056e+01	 -2.343e-02	 8.495e+00	 2.960e-04	 6.377e+00	 4.711e-04	 2.472e+00	 9.203e-04	 nan	 nan	 
1.396e+02	 1.075e+01	 -2.380e-02	 8.664e+00	 3.016e-04	 6.510e+00	 4.823e-04	 2.514e+00	 9.501e-04	 nan	 nan	 
1.412e+02	 1.093e+01	 -2.414e-02	 8.832e+00	 3.070e-04	 6.642e+00	 4.931e-04	 2.555e+00	 9.797e-04	 nan	 nan	 
1.429e+02	 1.112e+01	 -2.451e-02	 9.010e+00	 3.129e-04	 6.783e+00	 5.049e-04	 2.599e+00	 1.012e-03	 nan	 nan	 
1.445e+02	 1.130e+01	 -2.481e-02	 9.173e+00	 3.177e-04	 6.912e+00	 5.149e-04	 2.639e+00	 1.040e-03	 nan	 nan	 
1.462e+02	 1.149e+01	 -2.513e-02	 9.346e+00	 3.229e-04	 7.049e+00	 5.258e-04	 2.681e+00	 1.071e-03	 nan	 nan	 
1.479e+02	 1.167e+01	 -2.543e-02	 9.516e+00	 3.279e-04	 7.185e+00	 5.363e-04	 2.723e+00	 1.102e-03	 nan	 nan	 
1.496e+02	 1.185e+01	 -2.570e-02	 9.683e+00	 3.325e-04	 7.318e+00	 5.463e-04	 2.764e+00	 1.132e-03	 nan	 nan	 
1.514e+02	 1.204e+01	 -2.600e-02	 9.858e+00	 3.375e-04	 7.458e+00	 5.571e-04	 2.806e+00	 1.164e-03	 nan	 nan	 
1.531e+02	 1.221e+01	 -2.622e-02	 1.002e+01	 3.414e-04	 7.588e+00	 5.661e-04	 2.846e+00	 1.192e-03	 nan	 nan	 
1.549e+02	 1.239e+01	 -2.647e-02	 1.019e+01	 3.458e-04	 7.726e+00	 5.759e-04	 2.888e+00	 1.223e-03	 nan	 nan	 
1.567e+02	 1.257e+01	 -2.668e-02	 1.036e+01	 3.497e-04	 7.860e+00	 5.851e-04	 2.928e+00	 1.252e-03	 nan	 nan	 
1.585e+02	 1.274e+01	 -2.688e-02	 1.052e+01	 3.534e-04	 7.994e+00	 5.938e-04	 2.968e+00	 1.281e-03	 nan	 nan	 
1.603e+02	 1.291e+01	 -2.706e-02	 1.068e+01	 3.569e-04	 8.123e+00	 6.023e-04	 3.007e+00	 1.310e-03	 nan	 nan	 
1.622e+02	 1.309e+01	 -2.724e-02	 1.085e+01	 3.604e-04	 8.261e+00	 6.109e-04	 3.048e+00	 1.340e-03	 nan	 nan	 
1.641e+02	 1.326e+01	 -2.739e-02	 1.102e+01	 3.635e-04	 8.395e+00	 6.191e-04	 3.088e+00	 1.369e-03	 nan	 nan	 
1.660e+02	 1.344e+01	 -2.752e-02	 1.118e+01	 3.664e-04	 8.528e+00	 6.267e-04	 3.128e+00	 1.397e-03	 nan	 nan	 
1.679e+02	 1.360e+01	 -2.761e-02	 1.134e+01	 3.687e-04	 8.660e+00	 6.335e-04	 3.167e+00	 1.423e-03	 nan	 nan	 
1.698e+02	 1.377e+01	 -2.771e-02	 1.150e+01	 3.712e-04	 8.787e+00	 6.404e-04	 3.205e+00	 1.449e-03	 nan	 nan	 
1.718e+02	 1.394e+01	 -2.779e-02	 1.166e+01	 3.734e-04	 8.920e+00	 6.470e-04	 3.244e+00	 1.476e-03	 nan	 nan	 
1.738e+02	 1.410e+01	 -2.784e-02	 1.182e+01	 3.753e-04	 9.052e+00	 6.531e-04	 3.283e+00	 1.502e-03	 nan	 nan	 
1.758e+02	 1.427e+01	 -2.788e-02	 1.198e+01	 3.768e-04	 9.182e+00	 6.587e-04	 3.321e+00	 1.527e-03	 nan	 nan	 
1.778e+02	 1.442e+01	 -2.790e-02	 1.213e+01	 3.783e-04	 9.308e+00	 6.640e-04	 3.358e+00	 1.551e-03	 nan	 nan	 
1.799e+02	 1.459e+01	 -2.791e-02	 1.229e+01	 3.796e-04	 9.440e+00	 6.691e-04	 3.396e+00	 1.575e-03	 nan	 nan	 
1.820e+02	 1.475e+01	 -2.790e-02	 1.244e+01	 3.805e-04	 9.570e+00	 6.737e-04	 3.435e+00	 1.598e-03	 nan	 nan	 
1.841e+02	 1.490e+01	 -2.788e-02	 1.259e+01	 3.814e-04	 9.695e+00	 6.781e-04	 3.471e+00	 1.621e-03	 nan	 nan	 
1.862e+02	 1.506e+01	 -2.781e-02	 1.274e+01	 3.815e-04	 9.821e+00	 6.812e-04	 3.508e+00	 1.641e-03	 nan	 nan	 
1.884e+02	 1.522e+01	 -2.775e-02	 1.290e+01	 3.818e-04	 9.951e+00	 6.847e-04	 3.545e+00	 1.662e-03	 nan	 nan	 
1.906e+02	 1.537e+01	 -2.768e-02	 1.305e+01	 3.820e-04	 1.008e+01	 6.879e-04	 3.582e+00	 1.682e-03	 nan	 nan	 
1.928e+02	 1.552e+01	 -2.758e-02	 1.320e+01	 3.816e-04	 1.020e+01	 6.901e-04	 3.618e+00	 1.700e-03	 nan	 nan	 
1.950e+02	 1.567e+01	 -2.745e-02	 1.334e+01	 3.809e-04	 1.032e+01	 6.916e-04	 3.653e+00	 1.717e-03	 nan	 nan	 
1.972e+02	 1.581e+01	 -2.732e-02	 1.348e+01	 3.801e-04	 1.044e+01	 6.929e-04	 3.687e+00	 1.732e-03	 nan	 nan	 
1.995e+02	 1.596e+01	 -2.717e-02	 1.363e+01	 3.791e-04	 1.057e+01	 6.940e-04	 3.722e+00	 1.748e-03	 nan	 nan	 
2.018e+02	 1.611e+01	 -2.700e-02	 1.377e+01	 3.778e-04	 1.069e+01	 6.944e-04	 3.757e+00	 1.762e-03	 nan	 nan	 
2.042e+02	 1.625e+01	 -2.685e-02	 1.392e+01	 3.766e-04	 1.081e+01	 6.952e-04	 3.792e+00	 1.777e-03	 nan	 nan	 
2.065e+02	 1.639e+01	 -2.664e-02	 1.405e+01	 3.747e-04	 1.093e+01	 6.944e-04	 3.826e+00	 1.788e-03	 nan	 nan	 
2.089e+02	 1.653e+01	 -2.645e-02	 1.419e+01	 3.731e-04	 1.104e+01	 6.941e-04	 3.859e+00	 1.800e-03	 nan	 nan	 
2.114e+02	 1.668e+01	 -2.623e-02	 1.433e+01	 3.710e-04	 1.116e+01	 6.932e-04	 3.894e+00	 1.811e-03	 nan	 nan	 
2.138e+02	 1.681e+01	 -2.601e-02	 1.446e+01	 3.688e-04	 1.128e+01	 6.918e-04	 3.926e+00	 1.820e-03	 nan	 nan	 
2.163e+02	 1.695e+01	 -2.576e-02	 1.460e+01	 3.663e-04	 1.139e+01	 6.898e-04	 3.959e+00	 1.828e-03	 nan	 nan	 
2.188e+02	 1.708e+01	 -2.550e-02	 1.474e+01	 3.635e-04	 1.151e+01	 6.872e-04	 3.992e+00	 1.834e-03	 nan	 nan	 
2.213e+02	 1.721e+01	 -2.524e-02	 1.486e+01	 3.607e-04	 1.162e+01	 6.847e-04	 4.023e+00	 1.840e-03	 nan	 nan	 
2.239e+02	 1.734e+01	 -2.497e-02	 1.500e+01	 3.577e-04	 1.173e+01	 6.815e-04	 4.056e+00	 1.844e-03	 nan	 nan	 
2.265e+02	 1.747e+01	 -2.469e-02	 1.512e+01	 3.546e-04	 1.185e+01	 6.783e-04	 4.087e+00	 1.848e-03	 nan	 nan	 
2.291e+02	 1.760e+01	 -2.439e-02	 1.525e+01	 3.511e-04	 1.196e+01	 6.743e-04	 4.119e+00	 1.850e-03	 nan	 nan	 
2.317e+02	 1.772e+01	 -2.409e-02	 1.537e+01	 3.477e-04	 1.206e+01	 6.702e-04	 4.149e+00	 1.851e-03	 nan	 nan	 
2.344e+02	 1.784e+01	 -2.377e-02	 1.550e+01	 3.439e-04	 1.217e+01	 6.654e-04	 4.180e+00	 1.851e-03	 nan	 nan	 
2.371e+02	 1.796e+01	 -2.345e-02	 1.562e+01	 3.401e-04	 1.228e+01	 6.606e-04	 4.209e+00	 1.850e-03	 nan	 nan	 
2.399e+02	 1.809e+01	 -2.312e-02	 1.574e+01	 3.362e-04	 1.239e+01	 6.554e-04	 4.240e+00	 1.848e-03	 nan	 nan	 
2.427e+02	 1.821e+01	 -2.280e-02	 1.586e+01	 3.323e-04	 1.249e+01	 6.502e-04	 4.270e+00	 1.845e-03	 nan	 nan	 
2.455e+02	 1.833e+01	 -2.246e-02	 1.598e+01	 3.280e-04	 1.260e+01	 6.443e-04	 4.299e+00	 1.841e-03	 nan	 nan	 
2.483e+02	 1.844e+01	 -2.211e-02	 1.610e+01	 3.237e-04	 1.270e+01	 6.381e-04	 4.328e+00	 1.835e-03	 nan	 nan	 
2.512e+02	 1.855e+01	 -2.175e-02	 1.622e+01	 3.192e-04	 1.280e+01	 6.316e-04	 4.357e+00	 1.828e-03	 nan	 nan	 
2.541e+02	 1.866e+01	 -2.140e-02	 1.633e+01	 3.148e-04	 1.290e+01	 6.252e-04	 4.384e+00	 1.821e-03	 nan	 nan	 
2.570e+02	 1.877e+01	 -2.104e-02	 1.644e+01	 3.102e-04	 1.300e+01	 6.181e-04	 4.412e+00	 1.812e-03	 nan	 nan	 
2.600e+02	 1.889e+01	 -2.068e-02	 1.655e+01	 3.055e-04	 1.310e+01	 6.110e-04	 4.440e+00	 1.803e-03	 nan	 nan	 
2.630e+02	 1.899e+01	 -2.030e-02	 1.666e+01	 3.007e-04	 1.319e+01	 6.035e-04	 4.468e+00	 1.792e-03	 nan	 nan	 
2.661e+02	 1.910e+01	 -1.994e-02	 1.677e+01	 2.960e-04	 1.329e+01	 5.961e-04	 4.495e+00	 1.781e-03	 nan	 nan	 
2.691e+02	 1.921e+01	 -1.957e-02	 1.688e+01	 2.910e-04	 1.339e+01	 5.881e-04	 4.522e+00	 1.768e-03	 nan	 nan	 
2.723e+02	 1.931e+01	 -1.920e-02	 1.698e+01	 2.861e-04	 1.348e+01	 5.803e-04	 4.549e+00	 1.755e-03	 nan	 nan	 
2.754e+02	 1.941e+01	 -1.883e-02	 1.709e+01	 2.812e-04	 1.357e+01	 5.723e-04	 4.574e+00	 1.742e-03	 nan	 nan	 
2.786e+02	 1.951e+01	 -1.844e-02	 1.719e+01	 2.761e-04	 1.366e+01	 5.638e-04	 4.601e+00	 1.726e-03	 nan	 nan	 
2.818e+02	 1.961e+01	 -1.808e-02	 1.729e+01	 2.712e-04	 1.375e+01	 5.556e-04	 4.626e+00	 1.711e-03	 nan	 nan	 
2.851e+02	 1.971e+01	 -1.770e-02	 1.739e+01	 2.660e-04	 1.385e+01	 5.470e-04	 4.652e+00	 1.695e-03	 nan	 nan	 
2.884e+02	 1.980e+01	 -1.732e-02	 1.749e+01	 2.609e-04	 1.393e+01	 5.382e-04	 4.676e+00	 1.678e-03	 nan	 nan	 
2.917e+02	 1.990e+01	 -1.694e-02	 1.759e+01	 2.557e-04	 1.402e+01	 5.291e-04	 4.701e+00	 1.659e-03	 nan	 nan	 
2.951e+02	 1.999e+01	 -1.658e-02	 1.768e+01	 2.507e-04	 1.411e+01	 5.206e-04	 4.725e+00	 1.642e-03	 nan	 nan	 
2.985e+02	 2.009e+01	 -1.620e-02	 1.778e+01	 2.454e-04	 1.419e+01	 5.112e-04	 4.749e+00	 1.622e-03	 nan	 nan	 
3.020e+02	 2.018e+01	 -1.584e-02	 1.787e+01	 2.404e-04	 1.428e+01	 5.024e-04	 4.774e+00	 1.603e-03	 nan	 nan	 
3.055e+02	 2.027e+01	 -1.547e-02	 1.797e+01	 2.354e-04	 1.436e+01	 4.934e-04	 4.797e+00	 1.583e-03	 nan	 nan	 
3.090e+02	 2.035e+01	 -1.510e-02	 1.806e+01	 2.301e-04	 1.444e+01	 4.840e-04	 4.820e+00	 1.562e-03	 nan	 nan	 
3.126e+02	 2.044e+01	 -1.475e-02	 1.814e+01	 2.252e-04	 1.452e+01	 4.751e-04	 4.842e+00	 1.542e-03	 nan	 nan	 
3.162e+02	 2.053e+01	 -1.438e-02	 1.823e+01	 2.200e-04	 1.460e+01	 4.655e-04	 4.865e+00	 1.519e-03	 nan	 nan	 
3.199e+02	 2.061e+01	 -1.403e-02	 1.832e+01	 2.150e-04	 1.469e+01	 4.564e-04	 4.888e+00	 1.497e-03	 nan	 nan	 
3.236e+02	 2.070e+01	 -1.367e-02	 1.841e+01	 2.099e-04	 1.476e+01	 4.470e-04	 4.910e+00	 1.474e-03	 nan	 nan	 
3.273e+02	 2.078e+01	 -1.333e-02	 1.849e+01	 2.050e-04	 1.484e+01	 4.378e-04	 4.932e+00	 1.452e-03	 nan	 nan	 
3.311e+02	 2.086e+01	 -1.299e-02	 1.858e+01	 2.002e-04	 1.492e+01	 4.288e-04	 4.953e+00	 1.430e-03	 nan	 nan	 
3.350e+02	 2.094e+01	 -1.265e-02	 1.866e+01	 1.953e-04	 1.499e+01	 4.195e-04	 4.975e+00	 1.406e-03	 nan	 nan	 
3.388e+02	 2.102e+01	 -1.232e-02	 1.874e+01	 1.904e-04	 1.507e+01	 4.103e-04	 4.996e+00	 1.382e-03	 nan	 nan	 
3.428e+02	 2.110e+01	 -1.198e-02	 1.882e+01	 1.856e-04	 1.514e+01	 4.010e-04	 5.017e+00	 1.358e-03	 nan	 nan	 
3.467e+02	 2.117e+01	 -1.166e-02	 1.890e+01	 1.810e-04	 1.521e+01	 3.922e-04	 5.038e+00	 1.335e-03	 nan	 nan	 
3.508e+02	 2.124e+01	 -1.134e-02	 1.898e+01	 1.763e-04	 1.528e+01	 3.832e-04	 5.057e+00	 1.311e-03	 nan	 nan	 
3.548e+02	 2.132e+01	 -1.103e-02	 1.905e+01	 1.717e-04	 1.536e+01	 3.741e-04	 5.078e+00	 1.286e-03	 nan	 nan	 
3.589e+02	 2.139e+01	 -1.072e-02	 1.913e+01	 1.671e-04	 1.542e+01	 3.652e-04	 5.097e+00	 1.262e-03	 nan	 nan	 
3.631e+02	 2.146e+01	 -1.041e-02	 1.921e+01	 1.625e-04	 1.549e+01	 3.562e-04	 5.118e+00	 1.237e-03	 nan	 nan	 
3.673e+02	 2.153e+01	 -1.011e-02	 1.928e+01	 1.582e-04	 1.556e+01	 3.475e-04	 5.136e+00	 1.213e-03	 nan	 nan	 
3.715e+02	 2.160e+01	 -9.825e-03	 1.935e+01	 1.539e-04	 1.562e+01	 3.392e-04	 5.154e+00	 1.189e-03	 nan	 nan	 
3.758e+02	 2.167e+01	 -9.530e-03	 1.942e+01	 1.495e-04	 1.569e+01	 3.304e-04	 5.174e+00	 1.164e-03	 nan	 nan	 
3.802e+02	 2.174e+01	 -9.251e-03	 1.949e+01	 1.454e-04	 1.576e+01	 3.221e-04	 5.192e+00	 1.140e-03	 nan	 nan	 
3.846e+02	 2.180e+01	 -8.966e-03	 1.956e+01	 1.411e-04	 1.582e+01	 3.134e-04	 5.211e+00	 1.115e-03	 nan	 nan	 
3.890e+02	 2.187e+01	 -8.699e-03	 1.963e+01	 1.371e-04	 1.588e+01	 3.053e-04	 5.228e+00	 1.091e-03	 nan	 nan	 
3.935e+02	 2.193e+01	 -8.435e-03	 1.969e+01	 1.332e-04	 1.595e+01	 2.973e-04	 5.246e+00	 1.067e-03	 nan	 nan	 
3.981e+02	 2.199e+01	 -8.174e-03	 1.976e+01	 1.292e-04	 1.601e+01	 2.892e-04	 5.264e+00	 1.043e-03	 nan	 nan	 
4.027e+02	 2.206e+01	 -7.920e-03	 1.983e+01	 1.254e-04	 1.607e+01	 2.814e-04	 5.282e+00	 1.019e-03	 nan	 nan	 
4.074e+02	 2.212e+01	 -7.670e-03	 1.989e+01	 1.216e-04	 1.613e+01	 2.735e-04	 5.299e+00	 9.951e-04	 nan	 nan	 
4.121e+02	 2.218e+01	 -7.431e-03	 1.995e+01	 1.180e-04	 1.619e+01	 2.660e-04	 5.316e+00	 9.721e-04	 nan	 nan	 
4.169e+02	 2.224e+01	 -7.191e-03	 2.002e+01	 1.143e-04	 1.625e+01	 2.584e-04	 5.332e+00	 9.484e-04	 nan	 nan	 
4.217e+02	 2.230e+01	 -6.957e-03	 2.008e+01	 1.108e-04	 1.630e+01	 2.510e-04	 5.348e+00	 9.249e-04	 nan	 nan	 
4.266e+02	 2.236e+01	 -6.736e-03	 2.014e+01	 1.074e-04	 1.636e+01	 2.439e-04	 5.365e+00	 9.028e-04	 nan	 nan	 
4.315e+02	 2.241e+01	 -6.517e-03	 2.020e+01	 1.041e-04	 1.642e+01	 2.368e-04	 5.380e+00	 8.802e-04	 nan	 nan	 
4.365e+02	 2.247e+01	 -6.298e-03	 2.026e+01	 1.007e-04	 1.647e+01	 2.297e-04	 5.397e+00	 8.572e-04	 nan	 nan	 
4.416e+02	 2.252e+01	 -6.091e-03	 2.031e+01	 9.751e-05	 1.653e+01	 2.230e-04	 5.412e+00	 8.355e-04	 nan	 nan	 
4.467e+02	 2.258e+01	 -5.886e-03	 2.037e+01	 9.435e-05	 1.658e+01	 2.162e-04	 5.429e+00	 8.135e-04	 nan	 nan	 
4.519e+02	 2.263e+01	 -5.689e-03	 2.043e+01	 9.131e-05	 1.663e+01	 2.097e-04	 5.443e+00	 7.923e-04	 nan	 nan	 
4.571e+02	 2.268e+01	 -5.498e-03	 2.048e+01	 8.835e-05	 1.668e+01	 2.034e-04	 5.458e+00	 7.713e-04	 nan	 nan	 
4.624e+02	 2.273e+01	 -5.307e-03	 2.054e+01	 8.539e-05	 1.673e+01	 1.970e-04	 5.472e+00	 7.500e-04	 nan	 nan	 
4.677e+02	 2.278e+01	 -5.125e-03	 2.059e+01	 8.257e-05	 1.679e+01	 1.909e-04	 5.487e+00	 7.296e-04	 nan	 nan	 
4.731e+02	 2.283e+01	 -4.951e-03	 2.064e+01	 7.986e-05	 1.683e+01	 1.850e-04	 5.500e+00	 7.099e-04	 nan	 nan	 
4.786e+02	 2.288e+01	 -4.775e-03	 2.069e+01	 7.710e-05	 1.688e+01	 1.790e-04	 5.516e+00	 6.894e-04	 nan	 nan	 
4.842e+02	 2.293e+01	 -4.609e-03	 2.075e+01	 7.451e-05	 1.693e+01	 1.734e-04	 5.530e+00	 6.701e-04	 nan	 nan	 
4.898e+02	 2.298e+01	 -4.445e-03	 2.080e+01	 7.194e-05	 1.698e+01	 1.677e-04	 5.544e+00	 6.507e-04	 nan	 nan	 
4.955e+02	 2.303e+01	 -4.288e-03	 2.085e+01	 6.949e-05	 1.703e+01	 1.623e-04	 5.558e+00	 6.321e-04	 nan	 nan	 
5.012e+02	 2.307e+01	 -4.136e-03	 2.089e+01	 6.710e-05	 1.707e+01	 1.571e-04	 5.571e+00	 6.138e-04	 nan	 nan	 
5.070e+02	 2.312e+01	 -3.985e-03	 2.094e+01	 6.473e-05	 1.712e+01	 1.518e-04	 5.584e+00	 5.954e-04	 nan	 nan	 
5.129e+02	 2.316e+01	 -3.841e-03	 2.099e+01	 6.245e-05	 1.717e+01	 1.468e-04	 5.598e+00	 5.776e-04	 nan	 nan	 
5.188e+02	 2.320e+01	 -3.704e-03	 2.103e+01	 6.030e-05	 1.721e+01	 1.420e-04	 5.609e+00	 5.607e-04	 nan	 nan	 
5.248e+02	 2.325e+01	 -3.566e-03	 2.108e+01	 5.811e-05	 1.725e+01	 1.371e-04	 5.623e+00	 5.432e-04	 nan	 nan	 
5.309e+02	 2.329e+01	 -3.437e-03	 2.113e+01	 5.606e-05	 1.729e+01	 1.325e-04	 5.634e+00	 5.268e-04	 nan	 nan	 
5.370e+02	 2.333e+01	 -3.312e-03	 2.117e+01	 5.408e-05	 1.734e+01	 1.280e-04	 5.647e+00	 5.108e-04	 nan	 nan	 
5.432e+02	 2.337e+01	 -3.188e-03	 2.121e+01	 5.211e-05	 1.738e+01	 1.236e-04	 5.659e+00	 4.947e-04	 nan	 nan	 
5.495e+02	 2.342e+01	 -3.070e-03	 2.126e+01	 5.023e-05	 1.742e+01	 1.194e-04	 5.672e+00	 4.793e-04	 nan	 nan	 
5.559e+02	 2.346e+01	 -2.953e-03	 2.130e+01	 4.836e-05	 1.746e+01	 1.151e-04	 5.684e+00	 4.638e-04	 nan	 nan	 
5.623e+02	 2.350e+01	 -2.842e-03	 2.134e+01	 4.659e-05	 1.750e+01	 1.111e-04	 5.696e+00	 4.491e-04	 nan	 nan	 
5.688e+02	 2.353e+01	 -2.737e-03	 2.138e+01	 4.491e-05	 1.754e+01	 1.073e-04	 5.706e+00	 4.350e-04	 nan	 nan	 
5.754e+02	 2.357e+01	 -2.631e-03	 2.142e+01	 4.321e-05	 1.758e+01	 1.034e-04	 5.718e+00	 4.205e-04	 nan	 nan	 
5.821e+02	 2.361e+01	 -2.531e-03	 2.146e+01	 4.162e-05	 1.762e+01	 9.978e-05	 5.729e+00	 4.070e-04	 nan	 nan	 
5.888e+02	 2.365e+01	 -2.434e-03	 2.150e+01	 4.006e-05	 1.765e+01	 9.619e-05	 5.740e+00	 3.935e-04	 nan	 nan	 
5.957e+02	 2.368e+01	 -2.339e-03	 2.154e+01	 3.853e-05	 1.769e+01	 9.268e-05	 5.751e+00	 3.803e-04	 nan	 nan	 
6.026e+02	 2.372e+01	 -2.249e-03	 2.158e+01	 3.709e-05	 1.773e+01	 8.935e-05	 5.761e+00	 3.678e-04	 nan	 nan	 
6.095e+02	 2.375e+01	 -2.163e-03	 2.162e+01	 3.570e-05	 1.776e+01	 8.614e-05	 5.771e+00	 3.556e-04	 nan	 nan	 
6.166e+02	 2.379e+01	 -2.078e-03	 2.166e+01	 3.432e-05	 1.780e+01	 8.293e-05	 5.783e+00	 3.433e-04	 nan	 nan	 
6.237e+02	 2.382e+01	 -1.997e-03	 2.169e+01	 3.301e-05	 1.783e+01	 7.990e-05	 5.792e+00	 3.317e-04	 nan	 nan	 
6.310e+02	 2.386e+01	 -1.918e-03	 2.173e+01	 3.173e-05	 1.787e+01	 7.693e-05	 5.804e+00	 3.203e-04	 nan	 nan	 
6.383e+02	 2.389e+01	 -1.842e-03	 2.176e+01	 3.051e-05	 1.790e+01	 7.408e-05	 5.814e+00	 3.092e-04	 nan	 nan	 
6.457e+02	 2.392e+01	 -1.769e-03	 2.180e+01	 2.932e-05	 1.794e+01	 7.130e-05	 5.823e+00	 2.985e-04	 nan	 nan	 
6.531e+02	 2.396e+01	 -1.700e-03	 2.183e+01	 2.820e-05	 1.797e+01	 6.869e-05	 5.833e+00	 2.883e-04	 nan	 nan	 
6.607e+02	 2.399e+01	 -1.631e-03	 2.187e+01	 2.707e-05	 1.800e+01	 6.603e-05	 5.843e+00	 2.778e-04	 nan	 nan	 
6.683e+02	 2.402e+01	 -1.566e-03	 2.190e+01	 2.603e-05	 1.803e+01	 6.356e-05	 5.852e+00	 2.682e-04	 nan	 nan	 
6.761e+02	 2.405e+01	 -1.503e-03	 2.194e+01	 2.499e-05	 1.807e+01	 6.112e-05	 5.862e+00	 2.585e-04	 nan	 nan	 
6.839e+02	 2.408e+01	 -1.443e-03	 2.197e+01	 2.401e-05	 1.810e+01	 5.881e-05	 5.871e+00	 2.494e-04	 nan	 nan	 
6.918e+02	 2.411e+01	 -1.385e-03	 2.200e+01	 2.306e-05	 1.813e+01	 5.657e-05	 5.880e+00	 2.405e-04	 nan	 nan	 
6.998e+02	 2.414e+01	 -1.328e-03	 2.203e+01	 2.213e-05	 1.816e+01	 5.436e-05	 5.888e+00	 2.317e-04	 nan	 nan	 
7.080e+02	 2.417e+01	 -1.274e-03	 2.206e+01	 2.125e-05	 1.819e+01	 5.225e-05	 5.897e+00	 2.233e-04	 nan	 nan	 
7.161e+02	 2.420e+01	 -1.222e-03	 2.209e+01	 2.040e-05	 1.821e+01	 5.024e-05	 5.905e+00	 2.152e-04	 nan	 nan	 
7.244e+02	 2.423e+01	 -1.172e-03	 2.212e+01	 1.958e-05	 1.825e+01	 4.829e-05	 5.915e+00	 2.073e-04	 nan	 nan	 
7.328e+02	 2.426e+01	 -1.124e-03	 2.215e+01	 1.879e-05	 1.827e+01	 4.639e-05	 5.923e+00	 1.996e-04	 nan	 nan	 
7.413e+02	 2.428e+01	 -1.078e-03	 2.218e+01	 1.804e-05	 1.830e+01	 4.460e-05	 5.931e+00	 1.924e-04	 nan	 nan	 
7.499e+02	 2.431e+01	 -1.033e-03	 2.221e+01	 1.729e-05	 1.833e+01	 4.279e-05	 5.940e+00	 1.850e-04	 nan	 nan	 
7.586e+02	 2.434e+01	 -9.905e-04	 2.224e+01	 1.659e-05	 1.836e+01	 4.112e-05	 5.948e+00	 1.782e-04	 nan	 nan	 
7.674e+02	 2.436e+01	 -9.498e-04	 2.226e+01	 1.592e-05	 1.838e+01	 3.951e-05	 5.955e+00	 1.716e-04	 nan	 nan	 
7.762e+02	 2.439e+01	 -9.102e-04	 2.229e+01	 1.527e-05	 1.841e+01	 3.793e-05	 5.963e+00	 1.651e-04	 nan	 nan	 
7.852e+02	 2.441e+01	 -8.716e-04	 2.232e+01	 1.463e-05	 1.844e+01	 3.639e-05	 5.971e+00	 1.587e-04	 nan	 nan	 
7.943e+02	 2.444e+01	 -8.353e-04	 2.234e+01	 1.403e-05	 1.846e+01	 3.494e-05	 5.978e+00	 1.527e-04	 nan	 nan	 
8.035e+02	 2.446e+01	 -7.998e-04	 2.237e+01	 1.344e-05	 1.849e+01	 3.352e-05	 5.987e+00	 1.468e-04	 nan	 nan	 
8.128e+02	 2.449e+01	 -7.667e-04	 2.240e+01	 1.289e-05	 1.851e+01	 3.219e-05	 5.994e+00	 1.413e-04	 nan	 nan	 
8.222e+02	 2.451e+01	 -7.345e-04	 2.242e+01	 1.236e-05	 1.854e+01	 3.089e-05	 6.001e+00	 1.359e-04	 nan	 nan	 
8.318e+02	 2.454e+01	 -7.030e-04	 2.245e+01	 1.184e-05	 1.856e+01	 2.962e-05	 6.009e+00	 1.305e-04	 nan	 nan	 
8.414e+02	 2.456e+01	 -6.734e-04	 2.247e+01	 1.135e-05	 1.859e+01	 2.842e-05	 6.016e+00	 1.255e-04	 nan	 nan	 
8.511e+02	 2.458e+01	 -6.451e-04	 2.249e+01	 1.087e-05	 1.861e+01	 2.727e-05	 6.023e+00	 1.207e-04	 nan	 nan	 
8.610e+02	 2.461e+01	 -6.172e-04	 2.252e+01	 1.041e-05	 1.863e+01	 2.613e-05	 6.030e+00	 1.159e-04	 nan	 nan	 
8.710e+02	 2.462e+01	 -5.910e-04	 2.254e+01	 9.975e-06	 1.865e+01	 2.507e-05	 6.036e+00	 1.113e-04	 nan	 nan	 
8.810e+02	 2.465e+01	 -5.659e-04	 2.257e+01	 9.557e-06	 1.868e+01	 2.404e-05	 6.043e+00	 1.070e-04	 nan	 nan	 
8.912e+02	 2.467e+01	 -5.415e-04	 2.259e+01	 9.149e-06	 1.870e+01	 2.304e-05	 6.050e+00	 1.027e-04	 nan	 nan	 
9.016e+02	 2.469e+01	 -5.182e-04	 2.261e+01	 8.761e-06	 1.872e+01	 2.208e-05	 6.057e+00	 9.864e-05	 nan	 nan	 
9.120e+02	 2.471e+01	 -4.961e-04	 2.263e+01	 8.392e-06	 1.874e+01	 2.118e-05	 6.063e+00	 9.476e-05	 nan	 nan	 
9.226e+02	 2.473e+01	 -4.744e-04	 2.266e+01	 8.029e-06	 1.876e+01	 2.028e-05	 6.069e+00	 9.091e-05	 nan	 nan	 
9.333e+02	 2.475e+01	 -4.540e-04	 2.268e+01	 7.688e-06	 1.879e+01	 1.944e-05	 6.076e+00	 8.729e-05	 nan	 nan	 
9.441e+02	 2.477e+01	 -4.345e-04	 2.270e+01	 7.361e-06	 1.880e+01	 1.863e-05	 6.081e+00	 8.381e-05	 nan	 nan	 
9.550e+02	 2.480e+01	 -4.155e-04	 2.272e+01	 7.043e-06	 1.883e+01	 1.784e-05	 6.088e+00	 8.040e-05	 nan	 nan	 
9.660e+02	 2.481e+01	 -3.976e-04	 2.274e+01	 6.743e-06	 1.885e+01	 1.710e-05	 6.094e+00	 7.717e-05	 nan	 nan	 
9.772e+02	 2.483e+01	 -3.803e-04	 2.276e+01	 6.454e-06	 1.886e+01	 1.638e-05	 6.099e+00	 7.406e-05	 nan	 nan	 
9.885e+02	 2.485e+01	 -3.636e-04	 2.278e+01	 6.173e-06	 1.889e+01	 1.568e-05	 6.106e+00	 7.102e-05	 nan	 nan	 
1.000e+03	 2.487e+01	 -3.478e-04	 2.281e+01	 5.907e-06	 1.891e+01	 1.502e-05	 6.112e+00	 6.813e-05	 nan	 nan	 
1.012e+03	 2.489e+01	 -3.323e-04	 2.282e+01	 5.647e-06	 1.892e+01	 1.437e-05	 6.117e+00	 6.530e-05	 nan	 nan	 
1.023e+03	 2.491e+01	 -3.181e-04	 2.284e+01	 5.408e-06	 1.894e+01	 1.377e-05	 6.123e+00	 6.268e-05	 nan	 nan	 
1.035e+03	 2.493e+01	 -3.041e-04	 2.286e+01	 5.173e-06	 1.896e+01	 1.319e-05	 6.128e+00	 6.010e-05	 nan	 nan	 
1.047e+03	 2.494e+01	 -2.908e-04	 2.288e+01	 4.948e-06	 1.898e+01	 1.262e-05	 6.134e+00	 5.763e-05	 nan	 nan	 
1.059e+03	 2.496e+01	 -2.779e-04	 2.290e+01	 4.732e-06	 1.900e+01	 1.208e-05	 6.139e+00	 5.524e-05	 nan	 nan	 
1.072e+03	 2.498e+01	 -2.653e-04	 2.292e+01	 4.519e-06	 1.902e+01	 1.155e-05	 6.145e+00	 5.288e-05	 nan	 nan	 
1.084e+03	 2.499e+01	 -2.539e-04	 2.293e+01	 4.326e-06	 1.903e+01	 1.106e-05	 6.149e+00	 5.074e-05	 nan	 nan	 
1.096e+03	 2.501e+01	 -2.428e-04	 2.295e+01	 4.140e-06	 1.905e+01	 1.060e-05	 6.155e+00	 4.866e-05	 nan	 nan	 
1.109e+03	 2.503e+01	 -2.319e-04	 2.297e+01	 3.956e-06	 1.907e+01	 1.013e-05	 6.160e+00	 4.660e-05	 nan	 nan	 
1.122e+03	 2.504e+01	 -2.216e-04	 2.299e+01	 3.782e-06	 1.908e+01	 9.696e-06	 6.165e+00	 4.465e-05	 nan	 nan	 
1.135e+03	 2.506e+01	 -2.117e-04	 2.301e+01	 3.614e-06	 1.910e+01	 9.272e-06	 6.170e+00	 4.276e-05	 nan	 nan	 
1.148e+03	 2.508e+01	 -2.024e-04	 2.302e+01	 3.456e-06	 1.912e+01	 8.875e-06	 6.175e+00	 4.099e-05	 nan	 nan	 
1.161e+03	 2.509e+01	 -1.935e-04	 2.304e+01	 3.306e-06	 1.913e+01	 8.496e-06	 6.180e+00	 3.929e-05	 nan	 nan	 
1.175e+03	 2.511e+01	 -1.846e-04	 2.306e+01	 3.155e-06	 1.915e+01	 8.114e-06	 6.185e+00	 3.757e-05	 nan	 nan	 
1.188e+03	 2.512e+01	 -1.766e-04	 2.307e+01	 3.020e-06	 1.916e+01	 7.771e-06	 6.189e+00	 3.603e-05	 nan	 nan	 
1.202e+03	 2.514e+01	 -1.687e-04	 2.309e+01	 2.885e-06	 1.918e+01	 7.430e-06	 6.194e+00	 3.450e-05	 nan	 nan	 
1.216e+03	 2.515e+01	 -1.610e-04	 2.310e+01	 2.755e-06	 1.919e+01	 7.101e-06	 6.199e+00	 3.301e-05	 nan	 nan	 
1.230e+03	 2.517e+01	 -1.539e-04	 2.312e+01	 2.634e-06	 1.921e+01	 6.793e-06	 6.203e+00	 3.162e-05	 nan	 nan	 
1.244e+03	 2.518e+01	 -1.471e-04	 2.313e+01	 2.518e-06	 1.922e+01	 6.499e-06	 6.207e+00	 3.029e-05	 nan	 nan	 
1.259e+03	 2.520e+01	 -1.402e-04	 2.315e+01	 2.402e-06	 1.924e+01	 6.204e-06	 6.212e+00	 2.895e-05	 nan	 nan	 
1.274e+03	 2.521e+01	 -1.338e-04	 2.316e+01	 2.294e-06	 1.925e+01	 5.927e-06	 6.216e+00	 2.769e-05	 nan	 nan	 
1.288e+03	 2.522e+01	 -1.280e-04	 2.318e+01	 2.195e-06	 1.927e+01	 5.676e-06	 6.220e+00	 2.655e-05	 nan	 nan	 
1.303e+03	 2.524e+01	 -1.222e-04	 2.319e+01	 2.095e-06	 1.928e+01	 5.422e-06	 6.225e+00	 2.539e-05	 nan	 nan	 
1.318e+03	 2.525e+01	 -1.167e-04	 2.321e+01	 2.002e-06	 1.929e+01	 5.184e-06	 6.228e+00	 2.431e-05	 nan	 nan	 
1.334e+03	 2.526e+01	 -1.113e-04	 2.322e+01	 1.910e-06	 1.931e+01	 4.950e-06	 6.233e+00	 2.324e-05	 nan	 nan	 
1.349e+03	 2.528e+01	 -1.063e-04	 2.324e+01	 1.825e-06	 1.932e+01	 4.732e-06	 6.238e+00	 2.224e-05	 nan	 nan	 
1.365e+03	 2.529e+01	 -1.015e-04	 2.325e+01	 1.742e-06	 1.933e+01	 4.520e-06	 6.241e+00	 2.127e-05	 nan	 nan	 
1.380e+03	 2.530e+01	 -9.703e-05	 2.326e+01	 1.667e-06	 1.935e+01	 4.327e-06	 6.244e+00	 2.038e-05	 nan	 nan	 
1.396e+03	 2.531e+01	 -9.258e-05	 2.327e+01	 1.591e-06	 1.936e+01	 4.133e-06	 6.249e+00	 1.949e-05	 nan	 nan	 
1.412e+03	 2.533e+01	 -8.842e-05	 2.329e+01	 1.520e-06	 1.937e+01	 3.950e-06	 6.253e+00	 1.865e-05	 nan	 nan	 
1.429e+03	 2.534e+01	 -8.433e-05	 2.331e+01	 1.450e-06	 1.939e+01	 3.771e-06	 6.257e+00	 1.782e-05	 nan	 nan	 
1.445e+03	 2.536e+01	 -8.053e-05	 2.332e+01	 1.385e-06	 1.940e+01	 3.604e-06	 6.261e+00	 1.705e-05	 nan	 nan	 
1.462e+03	 2.536e+01	 -7.685e-05	 2.333e+01	 1.322e-06	 1.941e+01	 3.443e-06	 6.264e+00	 1.630e-05	 nan	 nan	 
1.479e+03	 2.538e+01	 -7.336e-05	 2.334e+01	 1.263e-06	 1.942e+01	 3.289e-06	 6.267e+00	 1.559e-05	 nan	 nan	 
1.496e+03	 2.539e+01	 -7.000e-05	 2.335e+01	 1.205e-06	 1.944e+01	 3.141e-06	 6.271e+00	 1.491e-05	 nan	 nan	 
1.514e+03	 2.540e+01	 -6.675e-05	 2.337e+01	 1.150e-06	 1.945e+01	 2.998e-06	 6.275e+00	 1.424e-05	 nan	 nan	 
1.531e+03	 2.541e+01	 -6.377e-05	 2.338e+01	 1.099e-06	 1.946e+01	 2.867e-06	 6.278e+00	 1.363e-05	 nan	 nan	 
1.549e+03	 2.543e+01	 -6.080e-05	 2.339e+01	 1.048e-06	 1.947e+01	 2.736e-06	 6.283e+00	 1.302e-05	 nan	 nan	 
1.567e+03	 2.544e+01	 -5.803e-05	 2.340e+01	 1.000e-06	 1.948e+01	 2.613e-06	 6.286e+00	 1.245e-05	 nan	 nan	 
1.585e+03	 2.545e+01	 -5.540e-05	 2.341e+01	 9.553e-07	 1.949e+01	 2.497e-06	 6.289e+00	 1.190e-05	 nan	 nan	 
1.603e+03	 2.546e+01	 -5.286e-05	 2.343e+01	 9.118e-07	 1.951e+01	 2.384e-06	 6.293e+00	 1.138e-05	 nan	 nan	 
1.622e+03	 2.547e+01	 -5.042e-05	 2.344e+01	 8.699e-07	 1.952e+01	 2.276e-06	 6.296e+00	 1.087e-05	 nan	 nan	 
1.641e+03	 2.548e+01	 -4.810e-05	 2.345e+01	 8.301e-07	 1.953e+01	 2.173e-06	 6.299e+00	 1.039e-05	 nan	 nan	 
1.660e+03	 2.549e+01	 -4.587e-05	 2.346e+01	 7.918e-07	 1.954e+01	 2.074e-06	 6.302e+00	 9.923e-06	 nan	 nan	 
1.679e+03	 2.550e+01	 -4.380e-05	 2.347e+01	 7.562e-07	 1.955e+01	 1.981e-06	 6.305e+00	 9.490e-06	 nan	 nan	 
1.698e+03	 2.551e+01	 -4.182e-05	 2.348e+01	 7.223e-07	 1.956e+01	 1.894e-06	 6.308e+00	 9.076e-06	 nan	 nan	 
1.718e+03	 2.552e+01	 -3.986e-05	 2.349e+01	 6.886e-07	 1.957e+01	 1.806e-06	 6.312e+00	 8.665e-06	 nan	 nan	 
1.738e+03	 2.553e+01	 -3.803e-05	 2.350e+01	 6.571e-07	 1.958e+01	 1.724e-06	 6.314e+00	 8.279e-06	 nan	 nan	 
1.758e+03	 2.554e+01	 -3.629e-05	 2.351e+01	 6.273e-07	 1.959e+01	 1.647e-06	 6.318e+00	 7.914e-06	 nan	 nan	 
1.778e+03	 2.555e+01	 -3.462e-05	 2.352e+01	 5.986e-07	 1.960e+01	 1.572e-06	 6.321e+00	 7.561e-06	 nan	 nan	 
1.799e+03	 2.556e+01	 -3.302e-05	 2.353e+01	 5.710e-07	 1.961e+01	 1.500e-06	 6.324e+00	 7.222e-06	 nan	 nan	 
1.820e+03	 2.557e+01	 -3.150e-05	 2.354e+01	 5.448e-07	 1.962e+01	 1.432e-06	 6.326e+00	 6.899e-06	 nan	 nan	 
1.841e+03	 2.558e+01	 -3.003e-05	 2.355e+01	 5.196e-07	 1.963e+01	 1.366e-06	 6.330e+00	 6.588e-06	 nan	 nan	 
1.862e+03	 2.559e+01	 -2.867e-05	 2.356e+01	 4.961e-07	 1.964e+01	 1.305e-06	 6.333e+00	 6.298e-06	 nan	 nan	 
1.884e+03	 2.559e+01	 -2.734e-05	 2.357e+01	 4.732e-07	 1.964e+01	 1.245e-06	 6.334e+00	 6.014e-06	 nan	 nan	 
1.906e+03	 2.561e+01	 -2.605e-05	 2.358e+01	 4.511e-07	 1.965e+01	 1.188e-06	 6.337e+00	 5.740e-06	 nan	 nan	 
1.928e+03	 2.562e+01	 -2.486e-05	 2.359e+01	 4.305e-07	 1.966e+01	 1.134e-06	 6.340e+00	 5.484e-06	 nan	 nan	 
1.950e+03	 2.562e+01	 -2.373e-05	 2.360e+01	 4.110e-07	 1.967e+01	 1.083e-06	 6.343e+00	 5.242e-06	 nan	 nan	 
1.972e+03	 2.563e+01	 -2.264e-05	 2.361e+01	 3.922e-07	 1.968e+01	 1.034e-06	 6.346e+00	 5.007e-06	 nan	 nan	 
1.995e+03	 2.564e+01	 -2.159e-05	 2.362e+01	 3.741e-07	 1.969e+01	 9.868e-07	 6.349e+00	 4.782e-06	 nan	 nan	 
2.018e+03	 2.565e+01	 -2.057e-05	 2.363e+01	 3.565e-07	 1.970e+01	 9.407e-07	 6.352e+00	 4.562e-06	 nan	 nan	 
2.042e+03	 2.566e+01	 -1.959e-05	 2.364e+01	 3.395e-07	 1.971e+01	 8.963e-07	 6.354e+00	 4.350e-06	 nan	 nan	 
2.065e+03	 2.567e+01	 -1.868e-05	 2.365e+01	 3.239e-07	 1.972e+01	 8.553e-07	 6.356e+00	 4.154e-06	 nan	 nan	 
2.089e+03	 2.567e+01	 -1.779e-05	 2.365e+01	 3.085e-07	 1.972e+01	 8.149e-07	 6.358e+00	 3.960e-06	 nan	 nan	 
2.114e+03	 2.568e+01	 -1.693e-05	 2.366e+01	 2.937e-07	 1.973e+01	 7.760e-07	 6.361e+00	 3.774e-06	 nan	 nan	 
2.138e+03	 2.569e+01	 -1.614e-05	 2.367e+01	 2.800e-07	 1.974e+01	 7.403e-07	 6.364e+00	 3.603e-06	 nan	 nan	 
2.163e+03	 2.570e+01	 -1.536e-05	 2.368e+01	 2.666e-07	 1.975e+01	 7.051e-07	 6.366e+00	 3.433e-06	 nan	 nan	 
2.188e+03	 2.571e+01	 -1.464e-05	 2.369e+01	 2.541e-07	 1.976e+01	 6.721e-07	 6.369e+00	 3.275e-06	 nan	 nan	 
2.213e+03	 2.571e+01	 -1.395e-05	 2.369e+01	 2.422e-07	 1.976e+01	 6.409e-07	 6.370e+00	 3.125e-06	 nan	 nan	 
2.239e+03	 2.572e+01	 -1.327e-05	 2.370e+01	 2.305e-07	 1.977e+01	 6.101e-07	 6.373e+00	 2.977e-06	 nan	 nan	 
2.265e+03	 2.573e+01	 -1.264e-05	 2.371e+01	 2.196e-07	 1.978e+01	 5.815e-07	 6.376e+00	 2.839e-06	 nan	 nan	 
2.291e+03	 2.574e+01	 -1.205e-05	 2.372e+01	 2.093e-07	 1.979e+01	 5.544e-07	 6.377e+00	 2.708e-06	 nan	 nan	 
2.317e+03	 2.575e+01	 -1.147e-05	 2.373e+01	 1.993e-07	 1.979e+01	 5.283e-07	 6.380e+00	 2.582e-06	 nan	 nan	 
2.344e+03	 2.575e+01	 -1.093e-05	 2.374e+01	 1.899e-07	 1.980e+01	 5.033e-07	 6.382e+00	 2.462e-06	 nan	 nan	 
2.371e+03	 2.576e+01	 -1.041e-05	 2.374e+01	 1.809e-07	 1.981e+01	 4.797e-07	 6.383e+00	 2.347e-06	 nan	 nan	 
2.399e+03	 2.577e+01	 -9.900e-06	 2.375e+01	 1.721e-07	 1.982e+01	 4.565e-07	 6.387e+00	 2.235e-06	 nan	 nan	 
2.427e+03	 2.578e+01	 -9.426e-06	 2.376e+01	 1.639e-07	 1.982e+01	 4.349e-07	 6.389e+00	 2.131e-06	 nan	 nan	 
2.455e+03	 2.578e+01	 -8.978e-06	 2.376e+01	 1.561e-07	 1.983e+01	 4.144e-07	 6.390e+00	 2.032e-06	 nan	 nan	 
2.483e+03	 2.579e+01	 -8.548e-06	 2.377e+01	 1.487e-07	 1.984e+01	 3.947e-07	 6.393e+00	 1.936e-06	 nan	 nan	 
2.512e+03	 2.579e+01	 -8.137e-06	 2.378e+01	 1.415e-07	 1.984e+01	 3.759e-07	 6.394e+00	 1.845e-06	 nan	 nan	 
2.541e+03	 2.580e+01	 -7.748e-06	 2.379e+01	 1.348e-07	 1.985e+01	 3.581e-07	 6.397e+00	 1.759e-06	 nan	 nan	 
2.570e+03	 2.581e+01	 -7.377e-06	 2.380e+01	 1.283e-07	 1.986e+01	 3.411e-07	 6.400e+00	 1.676e-06	 nan	 nan	 
2.600e+03	 2.581e+01	 -7.022e-06	 2.380e+01	 1.222e-07	 1.986e+01	 3.249e-07	 6.400e+00	 1.597e-06	 nan	 nan	 
2.630e+03	 2.582e+01	 -6.687e-06	 2.381e+01	 1.164e-07	 1.987e+01	 3.095e-07	 6.403e+00	 1.522e-06	 nan	 nan	 
2.661e+03	 2.583e+01	 -6.358e-06	 2.382e+01	 1.107e-07	 1.988e+01	 2.944e-07	 6.405e+00	 1.449e-06	 nan	 nan	 
2.692e+03	 2.583e+01	 -6.051e-06	 2.382e+01	 1.054e-07	 1.988e+01	 2.803e-07	 6.406e+00	 1.380e-06	 nan	 nan	 
2.723e+03	 2.584e+01	 -5.762e-06	 2.383e+01	 1.003e-07	 1.989e+01	 2.671e-07	 6.408e+00	 1.316e-06	 nan	 nan	 
2.754e+03	 2.585e+01	 -5.485e-06	 2.384e+01	 9.553e-08	 1.990e+01	 2.543e-07	 6.411e+00	 1.253e-06	 nan	 nan	 
2.786e+03	 2.585e+01	 -5.221e-06	 2.384e+01	 9.095e-08	 1.990e+01	 2.422e-07	 6.412e+00	 1.194e-06	 nan	 nan	 
2.818e+03	 2.586e+01	 -4.971e-06	 2.385e+01	 8.661e-08	 1.991e+01	 2.307e-07	 6.414e+00	 1.138e-06	 nan	 nan	 
2.851e+03	 2.586e+01	 -4.730e-06	 2.385e+01	 8.242e-08	 1.991e+01	 2.196e-07	 6.416e+00	 1.084e-06	 nan	 nan	 
2.884e+03	 2.587e+01	 -4.499e-06	 2.386e+01	 7.841e-08	 1.992e+01	 2.090e-07	 6.417e+00	 1.032e-06	 nan	 nan	 
2.917e+03	 2.588e+01	 -4.285e-06	 2.386e+01	 7.467e-08	 1.993e+01	 1.991e-07	 6.419e+00	 9.834e-07	 nan	 nan	 
2.951e+03	 2.588e+01	 -4.077e-06	 2.387e+01	 7.107e-08	 1.993e+01	 1.895e-07	 6.421e+00	 9.367e-07	 nan	 nan	 
2.985e+03	 2.589e+01	 -3.879e-06	 2.388e+01	 6.762e-08	 1.994e+01	 1.804e-07	 6.422e+00	 8.918e-07	 nan	 nan	 
3.020e+03	 2.590e+01	 -3.690e-06	 2.388e+01	 6.434e-08	 1.994e+01	 1.716e-07	 6.425e+00	 8.491e-07	 nan	 nan	 
3.055e+03	 2.590e+01	 -3.511e-06	 2.389e+01	 6.123e-08	 1.995e+01	 1.634e-07	 6.426e+00	 8.087e-07	 nan	 nan	 
3.090e+03	 2.590e+01	 -3.343e-06	 2.389e+01	 5.830e-08	 1.995e+01	 1.556e-07	 6.427e+00	 7.705e-07	 nan	 nan	 
3.126e+03	 2.591e+01	 -3.179e-06	 2.390e+01	 5.544e-08	 1.996e+01	 1.480e-07	 6.430e+00	 7.332e-07	 nan	 nan	 
3.162e+03	 2.592e+01	 -3.026e-06	 2.391e+01	 5.278e-08	 1.997e+01	 1.410e-07	 6.432e+00	 6.985e-07	 nan	 nan	 
3.199e+03	 2.592e+01	 -2.878e-06	 2.391e+01	 5.022e-08	 1.997e+01	 1.341e-07	 6.433e+00	 6.650e-07	 nan	 nan	 
3.236e+03	 2.593e+01	 -2.737e-06	 2.392e+01	 4.776e-08	 1.998e+01	 1.276e-07	 6.435e+00	 6.328e-07	 nan	 nan	 
3.273e+03	 2.593e+01	 -2.605e-06	 2.392e+01	 4.547e-08	 1.998e+01	 1.215e-07	 6.437e+00	 6.029e-07	 nan	 nan	 
3.311e+03	 2.594e+01	 -2.479e-06	 2.393e+01	 4.326e-08	 1.998e+01	 1.156e-07	 6.437e+00	 5.740e-07	 nan	 nan	 
3.350e+03	 2.594e+01	 -2.357e-06	 2.393e+01	 4.115e-08	 1.999e+01	 1.100e-07	 6.439e+00	 5.463e-07	 nan	 nan	 
3.388e+03	 2.595e+01	 -2.243e-06	 2.394e+01	 3.916e-08	 2.000e+01	 1.047e-07	 6.440e+00	 5.202e-07	 nan	 nan	 
3.428e+03	 2.595e+01	 -2.132e-06	 2.394e+01	 3.723e-08	 2.000e+01	 9.958e-08	 6.442e+00	 4.949e-07	 nan	 nan	 
3.467e+03	 2.596e+01	 -2.030e-06	 2.395e+01	 3.545e-08	 2.001e+01	 9.483e-08	 6.444e+00	 4.714e-07	 nan	 nan	 
3.508e+03	 2.597e+01	 -1.929e-06	 2.396e+01	 3.369e-08	 2.001e+01	 9.014e-08	 6.446e+00	 4.483e-07	 nan	 nan	 
3.548e+03	 2.597e+01	 -1.836e-06	 2.396e+01	 3.206e-08	 2.002e+01	 8.582e-08	 6.447e+00	 4.270e-07	 nan	 nan	 
3.589e+03	 2.597e+01	 -1.747e-06	 2.396e+01	 3.051e-08	 2.002e+01	 8.169e-08	 6.448e+00	 4.066e-07	 nan	 nan	 
3.631e+03	 2.598e+01	 -1.661e-06	 2.397e+01	 2.902e-08	 2.002e+01	 7.770e-08	 6.449e+00	 3.868e-07	 nan	 nan	 
3.673e+03	 2.598e+01	 -1.579e-06	 2.397e+01	 2.759e-08	 2.003e+01	 7.389e-08	 6.451e+00	 3.680e-07	 nan	 nan	 
3.715e+03	 2.599e+01	 -1.503e-06	 2.398e+01	 2.626e-08	 2.003e+01	 7.034e-08	 6.452e+00	 3.505e-07	 nan	 nan	 
3.758e+03	 2.599e+01	 -1.430e-06	 2.398e+01	 2.498e-08	 2.004e+01	 6.693e-08	 6.454e+00	 3.336e-07	 nan	 nan	 
3.802e+03	 2.599e+01	 -1.359e-06	 2.399e+01	 2.376e-08	 2.004e+01	 6.366e-08	 6.454e+00	 3.174e-07	 nan	 nan	 
3.846e+03	 2.600e+01	 -1.292e-06	 2.399e+01	 2.259e-08	 2.005e+01	 6.054e-08	 6.456e+00	 3.020e-07	 nan	 nan	 
3.890e+03	 2.600e+01	 -1.230e-06	 2.400e+01	 2.149e-08	 2.005e+01	 5.762e-08	 6.457e+00	 2.875e-07	 nan	 nan	 
3.936e+03	 2.601e+01	 -1.169e-06	 2.400e+01	 2.043e-08	 2.005e+01	 5.479e-08	 6.458e+00	 2.734e-07	 nan	 nan	 
3.981e+03	 2.601e+01	 -1.112e-06	 2.400e+01	 1.944e-08	 2.006e+01	 5.215e-08	 6.459e+00	 2.603e-07	 nan	 nan	 
4.027e+03	 2.602e+01	 -1.057e-06	 2.401e+01	 1.848e-08	 2.006e+01	 4.958e-08	 6.461e+00	 2.476e-07	 nan	 nan	 
4.074e+03	 2.602e+01	 -1.005e-06	 2.401e+01	 1.758e-08	 2.007e+01	 4.716e-08	 6.462e+00	 2.356e-07	 nan	 nan	 
4.121e+03	 2.603e+01	 -9.560e-07	 2.402e+01	 1.672e-08	 2.007e+01	 4.486e-08	 6.463e+00	 2.242e-07	 nan	 nan	 
4.169e+03	 2.603e+01	 -9.092e-07	 2.402e+01	 1.590e-08	 2.007e+01	 4.268e-08	 6.464e+00	 2.134e-07	 nan	 nan	 
4.217e+03	 2.603e+01	 -8.643e-07	 2.403e+01	 1.512e-08	 2.008e+01	 4.058e-08	 6.466e+00	 2.029e-07	 nan	 nan	 
4.266e+03	 2.604e+01	 -8.217e-07	 2.403e+01	 1.438e-08	 2.008e+01	 3.859e-08	 6.467e+00	 1.931e-07	 nan	 nan	 
4.315e+03	 2.604e+01	 -7.817e-07	 2.403e+01	 1.368e-08	 2.009e+01	 3.672e-08	 6.467e+00	 1.838e-07	 nan	 nan	 
4.365e+03	 2.604e+01	 -7.434e-07	 2.404e+01	 1.301e-08	 2.009e+01	 3.493e-08	 6.469e+00	 1.748e-07	 nan	 nan	 
4.416e+03	 2.605e+01	 -7.062e-07	 2.404e+01	 1.236e-08	 2.010e+01	 3.319e-08	 6.471e+00	 1.662e-07	 nan	 nan	 
4.467e+03	 2.605e+01	 -6.717e-07	 2.405e+01	 1.176e-08	 2.010e+01	 3.158e-08	 6.471e+00	 1.582e-07	 nan	 nan	 
4.519e+03	 2.606e+01	 -6.386e-07	 2.405e+01	 1.118e-08	 2.010e+01	 3.003e-08	 6.473e+00	 1.504e-07	 nan	 nan	 
4.571e+03	 2.606e+01	 -6.074e-07	 2.406e+01	 1.063e-08	 2.011e+01	 2.857e-08	 6.474e+00	 1.432e-07	 nan	 nan	 
4.624e+03	 2.607e+01	 -5.770e-07	 2.406e+01	 1.010e-08	 2.011e+01	 2.715e-08	 6.476e+00	 1.361e-07	 nan	 nan	 
4.677e+03	 2.607e+01	 -5.489e-07	 2.406e+01	 9.610e-09	 2.011e+01	 2.583e-08	 6.476e+00	 1.295e-07	 nan	 nan	 
4.732e+03	 2.607e+01	 -5.217e-07	 2.407e+01	 9.134e-09	 2.012e+01	 2.456e-08	 6.477e+00	 1.232e-07	 nan	 nan	 
4.786e+03	 2.607e+01	 -4.962e-07	 2.407e+01	 8.689e-09	 2.012e+01	 2.336e-08	 6.477e+00	 1.172e-07	 nan	 nan	 
4.842e+03	 2.608e+01	 -4.714e-07	 2.408e+01	 8.255e-09	 2.013e+01	 2.220e-08	 6.480e+00	 1.114e-07	 nan	 nan	 
4.898e+03	 2.608e+01	 -4.482e-07	 2.408e+01	 7.849e-09	 2.013e+01	 2.111e-08	 6.481e+00	 1.060e-07	 nan	 nan	 
4.954e+03	 2.609e+01	 -4.264e-07	 2.408e+01	 7.467e-09	 2.013e+01	 2.009e-08	 6.481e+00	 1.009e-07	 nan	 nan	 
5.012e+03	 2.609e+01	 -4.052e-07	 2.409e+01	 7.097e-09	 2.013e+01	 1.909e-08	 6.482e+00	 9.588e-08	 nan	 nan	 
5.070e+03	 2.609e+01	 -3.852e-07	 2.409e+01	 6.748e-09	 2.013e+01	 1.816e-08	 6.482e+00	 9.121e-08	 nan	 nan	 
5.129e+03	 2.610e+01	 -3.660e-07	 2.409e+01	 6.411e-09	 2.014e+01	 1.725e-08	 6.484e+00	 8.669e-08	 nan	 nan	 
5.188e+03	 2.610e+01	 -3.480e-07	 2.410e+01	 6.097e-09	 2.014e+01	 1.641e-08	 6.485e+00	 8.247e-08	 nan	 nan	 
5.248e+03	 2.610e+01	 -3.308e-07	 2.410e+01	 5.796e-09	 2.015e+01	 1.560e-08	 6.486e+00	 7.844e-08	 nan	 nan	 
5.309e+03	 2.610e+01	 -3.145e-07	 2.410e+01	 5.511e-09	 2.015e+01	 1.484e-08	 6.487e+00	 7.461e-08	 nan	 nan	 
5.370e+03	 2.611e+01	 -2.988e-07	 2.411e+01	 5.237e-09	 2.016e+01	 1.410e-08	 6.489e+00	 7.092e-08	 nan	 nan	 
5.432e+03	 2.611e+01	 -2.842e-07	 2.411e+01	 4.980e-09	 2.016e+01	 1.341e-08	 6.489e+00	 6.747e-08	 nan	 nan	 
5.495e+03	 2.611e+01	 -2.701e-07	 2.411e+01	 4.735e-09	 2.016e+01	 1.275e-08	 6.490e+00	 6.417e-08	 nan	 nan	 
5.559e+03	 2.612e+01	 -2.567e-07	 2.411e+01	 4.499e-09	 2.016e+01	 1.212e-08	 6.490e+00	 6.100e-08	 nan	 nan	 
5.623e+03	 2.612e+01	 -2.441e-07	 2.412e+01	 4.278e-09	 2.017e+01	 1.153e-08	 6.492e+00	 5.802e-08	 nan	 nan	 
5.688e+03	 2.612e+01	 -2.319e-07	 2.412e+01	 4.064e-09	 2.017e+01	 1.095e-08	 6.493e+00	 5.514e-08	 nan	 nan	 
5.754e+03	 2.612e+01	 -2.204e-07	 2.412e+01	 3.864e-09	 2.017e+01	 1.041e-08	 6.493e+00	 5.245e-08	 nan	 nan	 
5.821e+03	 2.613e+01	 -2.095e-07	 2.413e+01	 3.673e-09	 2.017e+01	 9.898e-09	 6.493e+00	 4.986e-08	 nan	 nan	 
5.888e+03	 2.613e+01	 -1.991e-07	 2.413e+01	 3.492e-09	 2.018e+01	 9.411e-09	 6.495e+00	 4.742e-08	 nan	 nan	 
5.957e+03	 2.614e+01	 -1.891e-07	 2.414e+01	 3.316e-09	 2.018e+01	 8.939e-09	 6.496e+00	 4.505e-08	 nan	 nan	 
6.026e+03	 2.614e+01	 -1.798e-07	 2.414e+01	 3.152e-09	 2.018e+01	 8.499e-09	 6.496e+00	 4.284e-08	 nan	 nan	 
6.095e+03	 2.614e+01	 -1.709e-07	 2.414e+01	 2.998e-09	 2.019e+01	 8.083e-09	 6.498e+00	 4.075e-08	 nan	 nan	 
6.166e+03	 2.614e+01	 -1.624e-07	 2.414e+01	 2.849e-09	 2.019e+01	 7.683e-09	 6.498e+00	 3.874e-08	 nan	 nan	 
6.237e+03	 2.615e+01	 -1.544e-07	 2.414e+01	 2.708e-09	 2.019e+01	 7.305e-09	 6.499e+00	 3.684e-08	 nan	 nan	 
6.310e+03	 2.615e+01	 -1.466e-07	 2.415e+01	 2.572e-09	 2.019e+01	 6.937e-09	 6.500e+00	 3.499e-08	 nan	 nan	 
6.383e+03	 2.616e+01	 -1.393e-07	 2.415e+01	 2.444e-09	 2.020e+01	 6.594e-09	 6.502e+00	 3.327e-08	 nan	 nan	 
6.456e+03	 2.616e+01	 -1.325e-07	 2.416e+01	 2.325e-09	 2.020e+01	 6.272e-09	 6.502e+00	 3.165e-08	 nan	 nan	 
6.531e+03	 2.616e+01	 -1.259e-07	 2.416e+01	 2.209e-09	 2.020e+01	 5.960e-09	 6.502e+00	 3.009e-08	 nan	 nan	 
6.607e+03	 2.616e+01	 -1.197e-07	 2.416e+01	 2.099e-09	 2.020e+01	 5.665e-09	 6.502e+00	 2.860e-08	 nan	 nan	 
6.683e+03	 2.616e+01	 -1.137e-07	 2.416e+01	 1.995e-09	 2.021e+01	 5.383e-09	 6.504e+00	 2.718e-08	 nan	 nan	 
6.761e+03	 2.616e+01	 -1.080e-07	 2.416e+01	 1.895e-09	 2.021e+01	 5.116e-09	 6.505e+00	 2.584e-08	 nan	 nan	 
6.839e+03	 2.617e+01	 -1.027e-07	 2.417e+01	 1.802e-09	 2.021e+01	 4.863e-09	 6.505e+00	 2.457e-08	 nan	 nan	 
6.918e+03	 2.617e+01	 -9.757e-08	 2.417e+01	 1.712e-09	 2.022e+01	 4.623e-09	 6.507e+00	 2.335e-08	 nan	 nan	 
6.998e+03	 2.618e+01	 -9.273e-08	 2.417e+01	 1.627e-09	 2.022e+01	 4.394e-09	 6.508e+00	 2.220e-08	 nan	 nan	 
7.080e+03	 2.618e+01	 -8.802e-08	 2.418e+01	 1.545e-09	 2.022e+01	 4.171e-09	 6.508e+00	 2.108e-08	 nan	 nan	 
7.161e+03	 2.618e+01	 -8.370e-08	 2.418e+01	 1.469e-09	 2.022e+01	 3.967e-09	 6.509e+00	 2.005e-08	 nan	 nan	 
7.244e+03	 2.618e+01	 -7.952e-08	 2.418e+01	 1.396e-09	 2.022e+01	 3.770e-09	 6.509e+00	 1.906e-08	 nan	 nan	 
7.328e+03	 2.618e+01	 -7.558e-08	 2.418e+01	 1.327e-09	 2.023e+01	 3.583e-09	 6.510e+00	 1.812e-08	 nan	 nan	 
7.413e+03	 2.618e+01	 -7.182e-08	 2.418e+01	 1.261e-09	 2.023e+01	 3.406e-09	 6.510e+00	 1.722e-08	 nan	 nan	 
7.499e+03	 2.619e+01	 -6.820e-08	 2.419e+01	 1.197e-09	 2.023e+01	 3.235e-09	 6.511e+00	 1.636e-08	 nan	 nan	 
7.586e+03	 2.619e+01	 -6.480e-08	 2.419e+01	 1.138e-09	 2.023e+01	 3.074e-09	 6.512e+00	 1.555e-08	 nan	 nan	 
7.674e+03	 2.619e+01	 -6.158e-08	 2.419e+01	 1.081e-09	 2.024e+01	 2.921e-09	 6.512e+00	 1.478e-08	 nan	 nan	 
7.762e+03	 2.620e+01	 -5.853e-08	 2.420e+01	 1.028e-09	 2.024e+01	 2.777e-09	 6.514e+00	 1.405e-08	 nan	 nan	 
7.852e+03	 2.620e+01	 -5.561e-08	 2.420e+01	 9.764e-10	 2.024e+01	 2.639e-09	 6.514e+00	 1.336e-08	 nan	 nan	 
7.943e+03	 2.620e+01	 -5.285e-08	 2.420e+01	 9.279e-10	 2.024e+01	 2.508e-09	 6.515e+00	 1.270e-08	 nan	 nan	 
8.035e+03	 2.620e+01	 -5.017e-08	 2.420e+01	 8.810e-10	 2.024e+01	 2.381e-09	 6.515e+00	 1.206e-08	 nan	 nan	 
8.128e+03	 2.621e+01	 -4.768e-08	 2.421e+01	 8.373e-10	 2.025e+01	 2.264e-09	 6.516e+00	 1.146e-08	 nan	 nan	 
8.222e+03	 2.621e+01	 -4.531e-08	 2.421e+01	 7.958e-10	 2.025e+01	 2.151e-09	 6.517e+00	 1.090e-08	 nan	 nan	 
8.318e+03	 2.621e+01	 -4.305e-08	 2.421e+01	 7.560e-10	 2.025e+01	 2.044e-09	 6.517e+00	 1.035e-08	 nan	 nan	 
8.414e+03	 2.621e+01	 -4.091e-08	 2.421e+01	 7.184e-10	 2.025e+01	 1.943e-09	 6.518e+00	 9.842e-09	 nan	 nan	 
8.511e+03	 2.622e+01	 -3.885e-08	 2.422e+01	 6.823e-10	 2.026e+01	 1.845e-09	 6.519e+00	 9.349e-09	 nan	 nan	 
8.610e+03	 2.622e+01	 -3.690e-08	 2.422e+01	 6.482e-10	 2.026e+01	 1.753e-09	 6.519e+00	 8.884e-09	 nan	 nan	 
8.710e+03	 2.622e+01	 -3.506e-08	 2.422e+01	 6.158e-10	 2.026e+01	 1.665e-09	 6.520e+00	 8.442e-09	 nan	 nan	 
8.810e+03	 2.622e+01	 -3.333e-08	 2.422e+01	 5.854e-10	 2.026e+01	 1.583e-09	 6.520e+00	 8.027e-09	 nan	 nan	 
8.912e+03	 2.622e+01	 -3.166e-08	 2.422e+01	 5.561e-10	 2.026e+01	 1.504e-09	 6.521e+00	 7.627e-09	 nan	 nan	 
9.016e+03	 2.622e+01	 -3.008e-08	 2.422e+01	 5.284e-10	 2.026e+01	 1.429e-09	 6.522e+00	 7.248e-09	 nan	 nan	 
9.120e+03	 2.623e+01	 -2.856e-08	 2.423e+01	 5.018e-10	 2.027e+01	 1.358e-09	 6.522e+00	 6.885e-09	 nan	 nan	 
9.226e+03	 2.623e+01	 -2.713e-08	 2.423e+01	 4.766e-10	 2.027e+01	 1.290e-09	 6.524e+00	 6.541e-09	 nan	 nan	 
9.332e+03	 2.623e+01	 -2.578e-08	 2.423e+01	 4.530e-10	 2.027e+01	 1.226e-09	 6.523e+00	 6.218e-09	 nan	 nan	 
9.441e+03	 2.623e+01	 -2.449e-08	 2.423e+01	 4.303e-10	 2.027e+01	 1.164e-09	 6.524e+00	 5.907e-09	 nan	 nan	 
9.550e+03	 2.623e+01	 -2.327e-08	 2.423e+01	 4.088e-10	 2.027e+01	 1.106e-09	 6.524e+00	 5.614e-09	 nan	 nan	 
9.660e+03	 2.624e+01	 -2.212e-08	 2.424e+01	 3.886e-10	 2.028e+01	 1.052e-09	 6.526e+00	 5.338e-09	 nan	 nan	 
9.772e+03	 2.624e+01	 -2.099e-08	 2.424e+01	 3.689e-10	 2.028e+01	 9.985e-10	 6.525e+00	 5.068e-09	 nan	 nan	 
9.886e+03	 2.624e+01	 -1.994e-08	 2.424e+01	 3.504e-10	 2.028e+01	 9.484e-10	 6.526e+00	 4.814e-09	 nan	 nan	 
1.000e+04	 2.624e+01	 -1.895e-08	 2.424e+01	 3.330e-10	 2.028e+01	 9.014e-10	 6.526e+00	 4.576e-09	 nan	 nan	 
1.012e+04	 2.624e+01	 -1.798e-08	 2.424e+01	 3.159e-10	 2.028e+01	 8.553e-10	 6.527e+00	 4.343e-09	 nan	 nan	 
1.023e+04	 2.624e+01	 -1.712e-08	 2.424e+01	 3.008e-10	 2.028e+01	 8.144e-10	 6.527e+00	 4.136e-09	 nan	 nan	 
1.035e+04	 2.625e+01	 -1.625e-08	 2.425e+01	 2.857e-10	 2.029e+01	 7.735e-10	 6.528e+00	 3.928e-09	 nan	 nan	 
1.047e+04	 2.625e+01	 -1.543e-08	 2.425e+01	 2.712e-10	 2.029e+01	 7.344e-10	 6.529e+00	 3.730e-09	 nan	 nan	 
1.059e+04	 2.625e+01	 -1.466e-08	 2.425e+01	 2.577e-10	 2.029e+01	 6.978e-10	 6.529e+00	 3.545e-09	 nan	 nan	 
1.072e+04	 2.625e+01	 -1.390e-08	 2.425e+01	 2.444e-10	 2.029e+01	 6.619e-10	 6.530e+00	 3.363e-09	 nan	 nan	 
1.084e+04	 2.625e+01	 -1.322e-08	 2.426e+01	 2.324e-10	 2.029e+01	 6.295e-10	 6.531e+00	 3.199e-09	 nan	 nan	 
1.096e+04	 2.625e+01	 -1.258e-08	 2.425e+01	 2.211e-10	 2.029e+01	 5.989e-10	 6.530e+00	 3.043e-09	 nan	 nan	 
1.109e+04	 2.626e+01	 -1.194e-08	 2.426e+01	 2.099e-10	 2.030e+01	 5.685e-10	 6.531e+00	 2.889e-09	 nan	 nan	 
1.122e+04	 2.626e+01	 -1.133e-08	 2.426e+01	 1.992e-10	 2.030e+01	 5.396e-10	 6.531e+00	 2.743e-09	 nan	 nan	 
1.135e+04	 2.626e+01	 -1.076e-08	 2.426e+01	 1.892e-10	 2.030e+01	 5.126e-10	 6.533e+00	 2.606e-09	 nan	 nan	 
1.148e+04	 2.626e+01	 -1.023e-08	 2.426e+01	 1.798e-10	 2.030e+01	 4.872e-10	 6.533e+00	 2.477e-09	 nan	 nan	 
1.161e+04	 2.626e+01	 -9.722e-09	 2.426e+01	 1.709e-10	 2.030e+01	 4.631e-10	 6.532e+00	 2.355e-09	 nan	 nan	 
1.175e+04	 2.626e+01	 -9.223e-09	 2.426e+01	 1.622e-10	 2.030e+01	 4.394e-10	 6.533e+00	 2.234e-09	 nan	 nan	 
1.188e+04	 2.626e+01	 -8.775e-09	 2.427e+01	 1.543e-10	 2.030e+01	 4.181e-10	 6.533e+00	 2.126e-09	 nan	 nan	 
1.202e+04	 2.627e+01	 -8.325e-09	 2.427e+01	 1.464e-10	 2.031e+01	 3.967e-10	 6.534e+00	 2.017e-09	 nan	 nan	 
1.216e+04	 2.627e+01	 -7.907e-09	 2.427e+01	 1.390e-10	 2.031e+01	 3.768e-10	 6.535e+00	 1.916e-09	 nan	 nan	 
1.230e+04	 2.627e+01	 -7.512e-09	 2.427e+01	 1.321e-10	 2.031e+01	 3.580e-10	 6.535e+00	 1.821e-09	 nan	 nan	 
1.244e+04	 2.627e+01	 -7.139e-09	 2.427e+01	 1.255e-10	 2.031e+01	 3.403e-10	 6.536e+00	 1.731e-09	 nan	 nan	 
1.259e+04	 2.627e+01	 -6.774e-09	 2.427e+01	 1.191e-10	 2.031e+01	 3.229e-10	 6.535e+00	 1.643e-09	 nan	 nan	 
1.274e+04	 2.628e+01	 -6.428e-09	 2.428e+01	 1.130e-10	 2.032e+01	 3.064e-10	 6.537e+00	 1.559e-09	 nan	 nan	 
1.288e+04	 2.628e+01	 -6.111e-09	 2.428e+01	 1.075e-10	 2.032e+01	 2.913e-10	 6.536e+00	 1.482e-09	 nan	 nan	 
1.303e+04	 2.628e+01	 -5.804e-09	 2.428e+01	 1.021e-10	 2.032e+01	 2.767e-10	 6.538e+00	 1.408e-09	 nan	 nan	 
1.318e+04	 2.628e+01	 -5.515e-09	 2.428e+01	 9.700e-11	 2.032e+01	 2.630e-10	 6.538e+00	 1.339e-09	 nan	 nan	 
1.334e+04	 2.628e+01	 -5.229e-09	 2.428e+01	 9.197e-11	 2.032e+01	 2.493e-10	 6.538e+00	 1.269e-09	 nan	 nan	 
1.349e+04	 2.628e+01	 -4.972e-09	 2.428e+01	 8.745e-11	 2.032e+01	 2.371e-10	 6.539e+00	 1.207e-09	 nan	 nan	 
1.365e+04	 2.628e+01	 -4.719e-09	 2.429e+01	 8.301e-11	 2.032e+01	 2.251e-10	 6.539e+00	 1.146e-09	 nan	 nan	 
1.380e+04	 2.628e+01	 -4.490e-09	 2.429e+01	 7.898e-11	 2.032e+01	 2.142e-10	 6.538e+00	 1.090e-09	 nan	 nan	 
1.396e+04	 2.629e+01	 -4.262e-09	 2.429e+01	 7.497e-11	 2.033e+01	 2.033e-10	 6.540e+00	 1.035e-09	 nan	 nan	 
1.412e+04	 2.629e+01	 -4.049e-09	 2.429e+01	 7.123e-11	 2.033e+01	 1.932e-10	 6.541e+00	 9.837e-10	 nan	 nan	 
1.429e+04	 2.629e+01	 -3.841e-09	 2.429e+01	 6.756e-11	 2.033e+01	 1.832e-10	 6.540e+00	 9.332e-10	 nan	 nan	 
1.445e+04	 2.629e+01	 -3.653e-09	 2.430e+01	 6.427e-11	 2.033e+01	 1.743e-10	 6.542e+00	 8.878e-10	 nan	 nan	 
1.462e+04	 2.629e+01	 -3.468e-09	 2.429e+01	 6.100e-11	 2.033e+01	 1.655e-10	 6.541e+00	 8.428e-10	 nan	 nan	 
1.479e+04	 2.629e+01	 -3.293e-09	 2.430e+01	 5.792e-11	 2.033e+01	 1.571e-10	 6.541e+00	 8.004e-10	 nan	 nan	 
1.496e+04	 2.630e+01	 -3.127e-09	 2.430e+01	 5.501e-11	 2.033e+01	 1.492e-10	 6.542e+00	 7.601e-10	 nan	 nan	 
1.514e+04	 2.630e+01	 -2.966e-09	 2.430e+01	 5.219e-11	 2.034e+01	 1.416e-10	 6.543e+00	 7.213e-10	 nan	 nan	 
1.531e+04	 2.630e+01	 -2.819e-09	 2.430e+01	 4.960e-11	 2.034e+01	 1.346e-10	 6.543e+00	 6.857e-10	 nan	 nan	 
1.549e+04	 2.630e+01	 -2.677e-09	 2.430e+01	 4.710e-11	 2.034e+01	 1.278e-10	 6.543e+00	 6.511e-10	 nan	 nan	 
1.567e+04	 2.630e+01	 -2.542e-09	 2.430e+01	 4.473e-11	 2.034e+01	 1.214e-10	 6.544e+00	 6.185e-10	 nan	 nan	 
1.585e+04	 2.630e+01	 -2.415e-09	 2.431e+01	 4.250e-11	 2.034e+01	 1.153e-10	 6.544e+00	 5.877e-10	 nan	 nan	 
1.603e+04	 2.630e+01	 -2.296e-09	 2.431e+01	 4.039e-11	 2.034e+01	 1.096e-10	 6.544e+00	 5.586e-10	 nan	 nan	 
1.622e+04	 2.631e+01	 -2.177e-09	 2.431e+01	 3.831e-11	 2.034e+01	 1.039e-10	 6.545e+00	 5.298e-10	 nan	 nan	 
1.641e+04	 2.631e+01	 -2.067e-09	 2.431e+01	 3.637e-11	 2.034e+01	 9.868e-11	 6.545e+00	 5.031e-10	 nan	 nan	 
1.660e+04	 2.631e+01	 -1.963e-09	 2.431e+01	 3.454e-11	 2.034e+01	 9.373e-11	 6.545e+00	 4.778e-10	 nan	 nan	 
1.679e+04	 2.631e+01	 -1.866e-09	 2.431e+01	 3.283e-11	 2.034e+01	 8.909e-11	 6.545e+00	 4.542e-10	 nan	 nan	 
1.698e+04	 2.631e+01	 -1.773e-09	 2.431e+01	 3.120e-11	 2.035e+01	 8.467e-11	 6.546e+00	 4.317e-10	 nan	 nan	 
1.718e+04	 2.631e+01	 -1.683e-09	 2.431e+01	 2.961e-11	 2.035e+01	 8.036e-11	 6.546e+00	 4.098e-10	 nan	 nan	 
1.738e+04	 2.631e+01	 -1.598e-09	 2.431e+01	 2.812e-11	 2.035e+01	 7.633e-11	 6.546e+00	 3.892e-10	 nan	 nan	 
1.758e+04	 2.632e+01	 -1.517e-09	 2.432e+01	 2.670e-11	 2.035e+01	 7.247e-11	 6.548e+00	 3.696e-10	 nan	 nan	 
1.778e+04	 2.631e+01	 -1.442e-09	 2.432e+01	 2.537e-11	 2.035e+01	 6.886e-11	 6.547e+00	 3.512e-10	 nan	 nan	 
1.799e+04	 2.632e+01	 -1.368e-09	 2.432e+01	 2.408e-11	 2.035e+01	 6.537e-11	 6.548e+00	 3.334e-10	 nan	 nan	 
1.820e+04	 2.632e+01	 -1.299e-09	 2.432e+01	 2.287e-11	 2.035e+01	 6.207e-11	 6.548e+00	 3.166e-10	 nan	 nan	 
1.841e+04	 2.632e+01	 -1.234e-09	 2.432e+01	 2.172e-11	 2.035e+01	 5.897e-11	 6.548e+00	 3.008e-10	 nan	 nan	 
1.862e+04	 2.632e+01	 -1.173e-09	 2.432e+01	 2.064e-11	 2.036e+01	 5.604e-11	 6.549e+00	 2.859e-10	 nan	 nan	 
1.884e+04	 2.632e+01	 -1.112e-09	 2.433e+01	 1.958e-11	 2.036e+01	 5.315e-11	 6.550e+00	 2.712e-10	 nan	 nan	 
1.906e+04	 2.632e+01	 -1.056e-09	 2.432e+01	 1.859e-11	 2.036e+01	 5.046e-11	 6.550e+00	 2.575e-10	 nan	 nan	 
1.928e+04	 2.632e+01	 -1.003e-09	 2.433e+01	 1.765e-11	 2.036e+01	 4.793e-11	 6.550e+00	 2.446e-10	 nan	 nan	 
1.950e+04	 2.633e+01	 -9.529e-10	 2.433e+01	 1.677e-11	 2.036e+01	 4.554e-11	 6.550e+00	 2.324e-10	 nan	 nan	 
1.972e+04	 2.632e+01	 -9.057e-10	 2.433e+01	 1.594e-11	 2.036e+01	 4.328e-11	 6.550e+00	 2.209e-10	 nan	 nan	 
1.995e+04	 2.633e+01	 -8.602e-10	 2.433e+01	 1.514e-11	 2.036e+01	 4.111e-11	 6.550e+00	 2.098e-10	 nan	 nan	 
2.018e+04	 2.633e+01	 -8.163e-10	 2.433e+01	 1.437e-11	 2.036e+01	 3.902e-11	 6.551e+00	 1.991e-10	 nan	 nan	 
2.042e+04	 2.633e+01	 -7.747e-10	 2.433e+01	 1.364e-11	 2.037e+01	 3.703e-11	 6.552e+00	 1.890e-10	 nan	 nan	 
2.065e+04	 2.633e+01	 -7.362e-10	 2.433e+01	 1.296e-11	 2.037e+01	 3.519e-11	 6.552e+00	 1.796e-10	 nan	 nan	 
2.089e+04	 2.633e+01	 -6.993e-10	 2.433e+01	 1.231e-11	 2.037e+01	 3.343e-11	 6.551e+00	 1.706e-10	 nan	 nan	 
2.114e+04	 2.633e+01	 -6.634e-10	 2.434e+01	 1.168e-11	 2.037e+01	 3.171e-11	 6.552e+00	 1.619e-10	 nan	 nan	 
2.138e+04	 2.633e+01	 -6.305e-10	 2.433e+01	 1.110e-11	 2.037e+01	 3.014e-11	 6.552e+00	 1.539e-10	 nan	 nan	 
2.163e+04	 2.634e+01	 -5.982e-10	 2.434e+01	 1.053e-11	 2.037e+01	 2.860e-11	 6.553e+00	 1.460e-10	 nan	 nan	 
2.188e+04	 2.634e+01	 -5.679e-10	 2.434e+01	 9.998e-12	 2.037e+01	 2.715e-11	 6.553e+00	 1.386e-10	 nan	 nan	 
2.213e+04	 2.634e+01	 -5.396e-10	 2.434e+01	 9.499e-12	 2.037e+01	 2.580e-11	 6.553e+00	 1.317e-10	 nan	 nan	 
2.239e+04	 2.634e+01	 -5.124e-10	 2.434e+01	 9.022e-12	 2.037e+01	 2.450e-11	 6.553e+00	 1.251e-10	 nan	 nan	 
2.265e+04	 2.634e+01	 -4.866e-10	 2.434e+01	 8.566e-12	 2.037e+01	 2.327e-11	 6.554e+00	 1.188e-10	 nan	 nan	 
2.291e+04	 2.634e+01	 -4.618e-10	 2.435e+01	 8.131e-12	 2.038e+01	 2.209e-11	 6.555e+00	 1.128e-10	 nan	 nan	 
2.317e+04	 2.635e+01	 -4.389e-10	 2.435e+01	 7.727e-12	 2.038e+01	 2.099e-11	 6.555e+00	 1.072e-10	 nan	 nan	 
2.344e+04	 2.635e+01	 -4.168e-10	 2.435e+01	 7.339e-12	 2.038e+01	 1.994e-11	 6.556e+00	 1.018e-10	 nan	 nan	 
2.371e+04	 2.634e+01	 -3.958e-10	 2.435e+01	 6.970e-12	 2.038e+01	 1.893e-11	 6.555e+00	 9.671e-11	 nan	 nan	 
2.399e+04	 2.634e+01	 -3.756e-10	 2.435e+01	 6.613e-12	 2.038e+01	 1.796e-11	 6.555e+00	 9.177e-11	 nan	 nan	 
2.427e+04	 2.635e+01	 -3.564e-10	 2.435e+01	 6.276e-12	 2.038e+01	 1.705e-11	 6.556e+00	 8.710e-11	 nan	 nan	 
2.455e+04	 2.635e+01	 -3.386e-10	 2.435e+01	 5.962e-12	 2.038e+01	 1.620e-11	 6.557e+00	 8.275e-11	 nan	 nan	 
2.483e+04	 2.635e+01	 -3.216e-10	 2.435e+01	 5.663e-12	 2.038e+01	 1.539e-11	 6.556e+00	 7.861e-11	 nan	 nan	 
2.512e+04	 2.635e+01	 -3.054e-10	 2.435e+01	 5.378e-12	 2.038e+01	 1.461e-11	 6.557e+00	 7.465e-11	 nan	 nan	 
2.541e+04	 2.635e+01	 -2.901e-10	 2.435e+01	 5.108e-12	 2.038e+01	 1.388e-11	 6.556e+00	 7.091e-11	 nan	 nan	 
2.570e+04	 2.636e+01	 -2.755e-10	 2.436e+01	 4.851e-12	 2.039e+01	 1.318e-11	 6.559e+00	 6.734e-11	 nan	 nan	 
2.600e+04	 2.635e+01	 -2.615e-10	 2.435e+01	 4.606e-12	 2.038e+01	 1.251e-11	 6.557e+00	 6.395e-11	 nan	 nan	 
2.630e+04	 2.636e+01	 -2.484e-10	 2.436e+01	 4.374e-12	 2.039e+01	 1.189e-11	 6.558e+00	 6.074e-11	 nan	 nan	 
2.661e+04	 2.636e+01	 -2.356e-10	 2.436e+01	 4.149e-12	 2.039e+01	 1.127e-11	 6.560e+00	 5.761e-11	 nan	 nan	 
2.692e+04	 2.636e+01	 -2.237e-10	 2.436e+01	 3.939e-12	 2.039e+01	 1.070e-11	 6.559e+00	 5.470e-11	 nan	 nan	 
2.723e+04	 2.636e+01	 -2.125e-10	 2.437e+01	 3.741e-12	 2.039e+01	 1.017e-11	 6.560e+00	 5.196e-11	 nan	 nan	 
2.754e+04	 2.636e+01	 -2.018e-10	 2.437e+01	 3.554e-12	 2.039e+01	 9.659e-12	 6.560e+00	 4.937e-11	 nan	 nan	 
2.786e+04	 2.636e+01	 -1.916e-10	 2.437e+01	 3.374e-12	 2.039e+01	 9.170e-12	 6.560e+00	 4.687e-11	 nan	 nan	 
2.818e+04	 2.637e+01	 -1.821e-10	 2.437e+01	 3.207e-12	 2.040e+01	 8.715e-12	 6.561e+00	 4.455e-11	 nan	 nan	 
2.851e+04	 2.637e+01	 -1.727e-10	 2.437e+01	 3.041e-12	 2.040e+01	 8.266e-12	 6.562e+00	 4.225e-11	 nan	 nan	 
2.884e+04	 2.637e+01	 -1.641e-10	 2.437e+01	 2.889e-12	 2.040e+01	 7.853e-12	 6.562e+00	 4.014e-11	 nan	 nan	 
2.917e+04	 2.638e+01	 -1.558e-10	 2.438e+01	 2.744e-12	 2.040e+01	 7.458e-12	 6.563e+00	 3.813e-11	 nan	 nan	 
2.951e+04	 2.638e+01	 -1.479e-10	 2.438e+01	 2.604e-12	 2.041e+01	 7.078e-12	 6.564e+00	 3.619e-11	 nan	 nan	 
2.985e+04	 2.638e+01	 -1.406e-10	 2.438e+01	 2.476e-12	 2.041e+01	 6.729e-12	 6.564e+00	 3.440e-11	 nan	 nan	 
3.020e+04	 2.639e+01	 -1.321e-10	 2.439e+01	 2.327e-12	 2.041e+01	 6.324e-12	 6.566e+00	 3.234e-11	 nan	 nan	 
3.055e+04	 2.639e+01	 -1.178e-10	 2.439e+01	 2.075e-12	 2.042e+01	 5.641e-12	 6.567e+00	 2.884e-11	 nan	 nan	 
3.090e+04	 2.640e+01	 -9.848e-11	 2.440e+01	 1.734e-12	 2.042e+01	 4.714e-12	 6.568e+00	 2.411e-11	 nan	 nan	 
3.126e+04	 2.640e+01	 -7.949e-11	 2.440e+01	 1.400e-12	 2.042e+01	 3.805e-12	 6.568e+00	 1.946e-11	 nan	 nan	 
3.162e+04	 2.639e+01	 -6.364e-11	 2.439e+01	 1.121e-12	 2.042e+01	 3.047e-12	 6.567e+00	 1.558e-11	 nan	 nan	 
3.199e+04	 2.639e+01	 -5.143e-11	 2.439e+01	 9.058e-13	 2.042e+01	 2.462e-12	 6.568e+00	 1.259e-11	 nan	 nan	 
3.236e+04	 2.639e+01	 -4.221e-11	 2.439e+01	 7.435e-13	 2.041e+01	 2.021e-12	 6.566e+00	 1.034e-11	 nan	 nan	 
3.273e+04	 2.639e+01	 -3.520e-11	 2.439e+01	 6.200e-13	 2.042e+01	 1.685e-12	 6.567e+00	 8.620e-12	 nan	 nan	 
3.311e+04	 2.639e+01	 -2.981e-11	 2.439e+01	 5.251e-13	 2.041e+01	 1.427e-12	 6.567e+00	 7.301e-12	 nan	 nan	 
3.350e+04	 2.638e+01	 -2.558e-11	 2.439e+01	 4.505e-13	 2.041e+01	 1.225e-12	 6.566e+00	 6.264e-12	 nan	 nan	 
3.388e+04	 2.639e+01	 -2.221e-11	 2.439e+01	 3.911e-13	 2.041e+01	 1.063e-12	 6.566e+00	 5.439e-12	 nan	 nan	 
3.428e+04	 2.638e+01	 -1.945e-11	 2.438e+01	 3.426e-13	 2.041e+01	 9.315e-13	 6.566e+00	 4.765e-12	 nan	 nan	 
3.467e+04	 2.638e+01	 -1.719e-11	 2.438e+01	 3.028e-13	 2.041e+01	 8.232e-13	 6.565e+00	 4.211e-12	 nan	 nan	 
3.508e+04	 2.638e+01	 -1.529e-11	 2.438e+01	 2.694e-13	 2.041e+01	 7.324e-13	 6.565e+00	 3.747e-12	 nan	 nan	 
3.548e+04	 2.638e+01	 -1.369e-11	 2.438e+01	 2.412e-13	 2.041e+01	 6.558e-13	 6.565e+00	 3.355e-12	 nan	 nan	 
3.589e+04	 2.638e+01	 -1.233e-11	 2.438e+01	 2.172e-13	 2.041e+01	 5.905e-13	 6.563e+00	 3.021e-12	 nan	 nan	 
3.631e+04	 2.637e+01	 -1.113e-11	 2.438e+01	 1.961e-13	 2.040e+01	 5.333e-13	 6.563e+00	 2.728e-12	 nan	 nan	 
3.673e+04	 2.638e+01	 -1.010e-11	 2.438e+01	 1.779e-13	 2.041e+01	 4.837e-13	 6.565e+00	 2.475e-12	 nan	 nan	 
3.715e+04	 2.638e+01	 -9.203e-12	 2.438e+01	 1.621e-13	 2.040e+01	 4.408e-13	 6.563e+00	 2.255e-12	 nan	 nan	 
3.758e+04	 2.638e+01	 -8.399e-12	 2.438e+01	 1.479e-13	 2.041e+01	 4.023e-13	 6.564e+00	 2.058e-12	 nan	 nan	 
3.802e+04	 2.637e+01	 -7.682e-12	 2.437e+01	 1.353e-13	 2.040e+01	 3.679e-13	 6.563e+00	 1.883e-12	 nan	 nan	 
3.846e+04	 2.637e+01	 -7.052e-12	 2.438e+01	 1.242e-13	 2.040e+01	 3.378e-13	 6.563e+00	 1.728e-12	 nan	 nan	 
3.890e+04	 2.637e+01	 -6.485e-12	 2.437e+01	 1.142e-13	 2.040e+01	 3.106e-13	 6.563e+00	 1.590e-12	 nan	 nan	 
3.936e+04	 2.637e+01	 -5.969e-12	 2.438e+01	 1.051e-13	 2.040e+01	 2.859e-13	 6.563e+00	 1.463e-12	 nan	 nan	 
3.981e+04	 2.638e+01	 -5.506e-12	 2.438e+01	 9.699e-14	 2.041e+01	 2.637e-13	 6.564e+00	 1.350e-12	 nan	 nan	 
